time_s,cmd_output_torque_nm,test_vel_output_rpm,test_torque_output_nm,load_cell_nm,test_voltage_v,test_temp_c,phase
0.681,4.0000,0.00,0.0000,2.5594,48.28,nan,ramp_up
0.682,4.0000,0.15,3.9645,2.5594,48.28,nan,ramp_up
0.682,4.0000,0.15,3.9645,2.5594,48.28,nan,ramp_up
0.682,4.0000,0.15,3.9645,2.5594,48.28,nan,ramp_up
0.682,4.0000,0.15,3.9645,2.5594,48.28,nan,ramp_up
0.682,4.0000,0.15,3.9645,2.5594,48.28,nan,ramp_up
0.682,4.0000,0.15,3.9645,2.5594,48.28,nan,ramp_up
0.682,4.0000,0.15,3.9645,2.5594,48.28,nan,ramp_up
0.682,4.0000,0.15,3.9645,2.5594,48.28,nan,ramp_up
0.682,4.0000,0.15,3.9645,2.5594,48.28,nan,ramp_up
0.682,4.0000,0.15,3.9645,2.5594,48.28,nan,ramp_up
0.682,4.0000,0.15,3.9645,2.5594,48.28,nan,ramp_up
0.682,4.0000,0.15,3.9645,2.5594,48.28,nan,ramp_up
0.682,4.0000,0.15,3.9645,2.5594,48.28,nan,ramp_up
0.682,4.0000,0.15,3.9645,2.5594,48.28,nan,ramp_up
0.682,4.0000,0.15,3.9645,2.5594,48.28,nan,ramp_up
0.682,4.0000,0.15,3.9645,2.5594,48.28,nan,ramp_up
0.682,4.0000,0.15,3.9645,2.5594,48.28,nan,ramp_up
0.682,4.0000,0.15,3.9645,2.5594,48.28,nan,ramp_up
0.682,4.0000,0.15,3.9645,2.5594,48.28,nan,ramp_up
0.682,4.0000,0.15,3.9645,2.5594,48.28,nan,ramp_up
0.683,4.0000,0.15,3.9645,2.5594,48.28,nan,ramp_up
0.683,4.0000,0.15,3.9645,2.5594,48.28,nan,ramp_up
0.683,4.0000,0.15,3.9645,2.5594,48.28,nan,ramp_up
0.683,4.0000,0.15,3.9645,2.5594,48.28,nan,ramp_up
0.683,4.0000,0.15,3.9645,2.5594,48.28,nan,ramp_up
0.683,4.0000,0.15,3.9645,2.5594,48.28,nan,ramp_up
0.683,4.0000,0.15,3.9645,2.5594,48.28,nan,ramp_up
0.683,4.0000,0.15,3.9645,2.5594,48.28,nan,ramp_up
0.683,4.0000,0.15,3.9645,2.5594,48.28,nan,ramp_up
0.683,4.0000,0.15,3.9645,2.5594,48.28,nan,ramp_up
0.683,4.0000,0.15,3.9645,2.5594,48.28,nan,ramp_up
0.683,4.0000,0.15,3.9645,2.5594,48.28,nan,ramp_up
0.683,4.0000,0.15,3.9645,2.5594,48.28,nan,ramp_up
0.683,4.0000,0.15,3.9645,2.5594,48.28,nan,ramp_up
0.683,4.0000,0.15,3.9645,2.5594,48.28,nan,ramp_up
0.683,4.0000,0.15,3.9645,2.5594,48.28,nan,ramp_up
0.683,4.0000,0.15,3.9645,2.5594,48.28,nan,ramp_up
0.683,4.0000,0.15,3.9645,2.5594,48.28,nan,ramp_up
0.683,4.0000,0.15,3.9645,2.5594,48.28,nan,ramp_up
0.683,4.0000,0.15,3.9645,2.5594,48.28,nan,ramp_up
0.683,4.0000,0.15,3.9645,2.5594,48.28,nan,ramp_up
0.683,4.0000,0.15,3.9645,2.5594,48.28,nan,ramp_up
0.683,4.0000,0.15,3.9645,2.5594,48.28,nan,ramp_up
0.683,4.0000,0.15,3.9645,2.5594,48.28,nan,ramp_up
0.683,4.0000,0.15,3.9645,2.5594,48.28,nan,ramp_up
0.683,4.0000,0.15,3.9645,2.5594,48.28,nan,ramp_up
0.683,4.0000,0.15,3.9645,2.5594,48.28,nan,ramp_up
0.683,4.0000,0.15,3.9645,2.5594,48.28,nan,ramp_up
0.683,4.0000,0.15,3.9645,2.5594,48.28,nan,ramp_up
0.683,4.0000,0.15,3.9645,2.5594,48.28,nan,ramp_up
0.683,4.0000,0.15,3.9645,2.5594,48.28,nan,ramp_up
0.684,4.0000,0.15,3.9645,2.5594,48.28,nan,ramp_up
0.684,4.0000,0.15,3.9645,2.5594,48.28,nan,ramp_up
0.684,4.0000,0.15,3.9645,2.5594,48.28,nan,ramp_up
0.688,4.1000,0.15,3.9645,2.5594,48.28,nan,ramp_up
0.700,4.1000,0.15,4.1067,2.5594,48.24,nan,ramp_up
0.713,4.2000,0.36,4.1493,2.5594,48.24,nan,ramp_up
0.725,4.3000,0.41,4.2409,2.5594,48.24,nan,ramp_up
0.738,4.4000,0.41,4.2409,2.5594,48.24,nan,ramp_up
0.751,4.4000,0.04,4.2654,2.8527,48.21,nan,ramp_up
0.763,4.5000,0.11,4.3464,2.8527,48.24,nan,ramp_up
0.775,4.6000,0.11,4.4311,2.8527,48.24,nan,ramp_up
0.788,4.7000,0.11,4.4311,2.8527,48.24,nan,ramp_up
0.800,4.7000,0.04,4.4824,2.8527,48.24,nan,ramp_up
0.813,4.8000,0.17,4.7837,2.8527,48.24,nan,ramp_up
0.825,4.9000,0.19,4.7286,2.8527,48.24,nan,ramp_up
0.839,4.9000,0.19,4.7286,3.2592,48.24,nan,ramp_up
0.850,5.0000,0.25,4.8682,3.2592,48.21,nan,ramp_up
0.863,5.1000,0.33,5.0574,3.2592,48.24,nan,ramp_up
0.876,5.2000,0.33,5.0574,3.2592,48.24,nan,ramp_up
0.888,5.2000,0.34,5.1153,3.2592,48.24,nan,ramp_up
0.900,5.3000,0.25,5.2215,3.2592,48.24,nan,ramp_up
0.913,5.4000,0.07,5.2562,3.2592,48.28,nan,ramp_up
0.925,5.5000,0.07,5.2562,3.2592,48.28,nan,ramp_up
0.939,5.5000,0.47,5.4076,3.6663,48.24,nan,ramp_up
0.950,5.6000,0.80,5.4312,3.6663,48.21,nan,ramp_up
0.963,5.7000,-0.00,5.6254,3.6663,48.24,nan,ramp_up
0.976,5.8000,-0.00,5.6254,3.6663,48.24,nan,ramp_up
0.988,5.8000,0.15,5.7736,3.6663,48.28,nan,ramp_up
1.000,5.9000,0.50,5.7420,3.6663,48.24,nan,ramp_up
1.013,6.0000,0.67,5.9379,3.6663,48.28,nan,ramp_up
1.028,6.1000,0.67,5.9379,4.0864,48.28,nan,ramp_up
1.038,6.1000,-0.00,6.0191,4.0864,48.24,nan,ramp_up
1.050,6.2000,0.01,6.1556,4.0864,48.28,nan,ramp_up
1.063,6.3000,0.11,6.2146,4.0864,48.24,nan,ramp_up
1.076,6.4000,0.11,6.2146,4.0864,48.24,nan,ramp_up
1.088,6.4000,0.15,6.3186,4.0864,48.24,nan,ramp_up
1.100,6.5000,0.23,6.2842,4.0864,48.24,nan,ramp_up
1.113,6.6000,0.32,6.5245,4.0864,48.24,nan,ramp_up
1.127,6.7000,0.32,6.5245,4.7727,48.24,nan,ramp_up
1.138,6.7000,0.12,6.6280,4.7727,48.28,nan,ramp_up
1.150,6.8000,0.07,6.7551,4.7727,48.24,nan,ramp_up
1.163,6.9000,0.06,6.8141,4.7727,48.24,nan,ramp_up
1.175,7.0000,0.06,6.8141,4.7727,48.24,nan,ramp_up
1.188,7.0000,0.10,6.8539,4.7727,48.28,nan,ramp_up
1.200,7.1000,0.01,6.9804,4.7727,48.21,nan,ramp_up
1.214,7.2000,0.05,7.0655,5.5903,48.24,nan,ramp_up
1.226,7.3000,0.05,7.0655,5.5903,48.24,nan,ramp_up
1.238,7.3000,-0.03,7.1614,5.5903,48.24,nan,ramp_up
1.250,7.4000,0.11,7.3030,5.5903,48.21,nan,ramp_up
1.263,7.5000,0.07,7.5213,5.5903,48.28,nan,ramp_up
1.277,7.6000,0.07,7.5213,5.5903,48.28,nan,ramp_up
1.288,7.6000,0.15,7.5421,5.5903,48.24,nan,ramp_up
1.302,7.7000,0.14,7.5693,6.1894,48.24,nan,ramp_up
1.313,7.8000,0.40,7.6320,6.1894,48.24,nan,ramp_up
1.325,7.9000,0.40,7.6320,6.1894,48.24,nan,ramp_up
1.338,7.9000,0.12,7.7781,6.1894,48.24,nan,ramp_up
1.350,8.0000,0.10,7.9735,6.1894,48.24,nan,ramp_up
1.363,8.1000,0.02,8.1079,6.1894,48.24,nan,ramp_up
1.375,8.1000,0.02,8.1079,6.1894,48.24,nan,ramp_up
1.388,8.2000,-0.01,8.1559,6.1894,48.22,nan,ramp_up
1.402,8.3000,-0.02,8.2054,6.5660,48.21,nan,ramp_up
1.413,8.4000,-0.04,8.3593,6.5660,48.24,nan,ramp_up
1.427,8.5000,-0.04,8.3593,6.5660,48.24,nan,ramp_up
1.438,8.5000,0.10,8.4381,6.5660,48.28,nan,ramp_up
1.450,8.6000,0.02,8.4759,6.5660,48.24,nan,ramp_up
1.463,8.7000,0.11,8.5378,6.5660,48.24,nan,ramp_up
1.476,8.8000,0.11,8.5378,6.5660,48.24,nan,ramp_up
1.489,8.8000,0.10,8.6729,6.9951,48.24,nan,ramp_up
1.500,8.9000,0.10,8.8026,6.9951,48.24,nan,ramp_up
1.513,9.0000,0.16,8.8554,6.9951,48.24,nan,ramp_up
1.526,9.1000,0.16,8.8554,6.9951,48.24,nan,ramp_up
1.538,9.1000,0.13,9.0742,6.9951,48.28,nan,ramp_up
1.550,9.2000,0.24,9.1784,6.9951,48.24,nan,ramp_up
1.563,9.3000,0.23,9.3395,6.9951,48.24,nan,ramp_up
1.575,9.4000,0.23,9.3395,6.9951,48.24,nan,ramp_up
1.589,9.4000,0.08,9.1966,7.3970,48.24,nan,ramp_up
1.600,9.5000,0.21,9.1992,7.3970,48.24,nan,ramp_up
1.613,9.6000,0.15,9.4962,7.3970,48.24,nan,ramp_up
1.626,9.7000,0.15,9.4962,7.3970,48.24,nan,ramp_up
1.638,9.7000,0.01,9.7393,7.3970,48.24,nan,ramp_up
1.650,9.8000,0.12,9.7514,7.3970,48.21,nan,ramp_up
1.663,9.9000,0.07,9.7516,7.3970,48.21,nan,ramp_up
1.678,10.0000,0.07,9.7516,7.7797,48.21,nan,ramp_up
1.688,10.0000,0.10,9.9820,7.7797,48.21,nan,ramp_up
1.700,10.1000,0.15,10.1584,7.7797,48.28,nan,ramp_up
1.713,10.2000,0.16,10.0190,7.7797,48.24,nan,ramp_up
1.725,10.3000,0.16,10.0190,7.7797,48.24,nan,ramp_up
1.738,10.3000,0.03,10.1930,7.7797,48.21,nan,ramp_up
1.750,10.4000,0.04,10.2647,7.7797,48.21,nan,ramp_up
1.764,10.5000,0.02,10.3878,8.2770,48.22,nan,ramp_up
1.776,10.6000,0.02,10.3878,8.2770,48.22,nan,ramp_up
1.788,10.6000,0.09,10.4243,8.2770,48.21,nan,ramp_up
1.800,10.7000,0.09,10.5947,8.2770,48.24,nan,ramp_up
1.813,10.8000,0.06,10.6812,8.2770,48.24,nan,ramp_up
1.826,10.9000,0.06,10.6812,8.2770,48.24,nan,ramp_up
1.838,10.9000,0.07,10.7187,8.2770,48.24,nan,ramp_up
1.850,11.0000,0.02,10.8824,8.2770,48.21,nan,ramp_up
1.864,11.1000,0.10,11.0772,8.7693,48.21,nan,ramp_up
1.876,11.2000,0.10,11.0772,8.7693,48.21,nan,ramp_up
1.888,11.2000,0.13,11.1220,8.7693,48.24,nan,ramp_up
1.900,11.3000,0.07,11.1161,8.7693,48.24,nan,ramp_up
1.913,11.4000,0.07,11.2556,8.7693,48.24,nan,ramp_up
1.926,11.5000,0.07,11.2556,8.7693,48.24,nan,ramp_up
1.938,11.5000,0.21,11.3821,8.7693,48.24,nan,ramp_up
1.951,11.6000,0.20,11.6760,9.2445,48.24,nan,ramp_up
1.963,11.7000,0.10,11.6233,9.2445,48.21,nan,ramp_up
1.976,11.8000,0.10,11.6233,9.2445,48.21,nan,ramp_up
1.988,11.8000,0.20,11.7468,9.2445,48.24,nan,ramp_up
2.000,11.9000,0.11,11.6222,9.2445,48.21,nan,ramp_up
2.013,12.0000,0.11,11.9844,9.2445,48.21,nan,ramp_up
2.025,12.1000,0.20,12.0716,9.2445,48.21,nan,ramp_up
2.043,12.2000,0.20,12.0716,9.6382,48.21,nan,ramp_up
2.050,12.2000,0.35,12.0786,9.6382,48.24,nan,ramp_up
2.063,12.3000,0.40,12.2278,9.6382,48.21,nan,ramp_up
2.075,12.4000,0.40,12.2278,9.6382,48.21,nan,ramp_up
2.088,12.4000,0.16,12.4082,9.6382,48.21,nan,ramp_up
2.100,12.5000,0.12,12.4026,9.6382,48.21,nan,ramp_up
2.113,12.6000,0.13,12.4416,9.6382,48.21,nan,ramp_up
2.126,12.7000,0.13,12.4416,9.6382,48.21,nan,ramp_up
2.139,12.7000,0.08,12.7458,10.1269,48.24,nan,ramp_up
2.150,12.8000,0.16,12.5993,10.1269,48.21,nan,ramp_up
2.163,12.9000,0.19,12.8418,10.1269,48.21,nan,ramp_up
2.175,13.0000,0.17,12.9592,10.1269,48.21,nan,ramp_up
2.188,13.0000,0.17,12.9592,10.1269,48.21,nan,ramp_up
2.200,13.1000,0.12,13.0088,10.1269,48.21,nan,ramp_up
2.213,13.2000,0.20,13.2111,10.1269,48.21,nan,ramp_up
2.226,13.3000,0.16,13.1249,10.7328,48.21,nan,ramp_up
2.238,13.3000,0.16,13.1249,10.7328,48.21,nan,ramp_up
2.250,13.4000,0.08,13.4053,10.7328,48.21,nan,ramp_up
2.263,13.5000,0.12,13.4618,10.7328,48.21,nan,ramp_up
2.275,13.6000,0.11,13.5414,10.7328,48.21,nan,ramp_up
2.288,13.7000,0.11,13.5414,10.7328,48.21,nan,ramp_up
2.300,13.7000,0.10,13.7254,10.7328,48.21,nan,ramp_up
2.313,13.8000,0.05,13.7387,10.7328,48.21,nan,ramp_up
2.326,13.9000,0.16,13.7174,11.2304,48.21,nan,ramp_up
2.338,14.0000,0.16,13.7174,11.2304,48.21,nan,ramp_up
2.350,14.0000,0.15,13.9471,11.2304,48.21,nan,ramp_up
2.363,14.1000,0.21,13.9703,11.2304,48.21,nan,ramp_up
2.375,14.2000,0.28,13.9164,11.2304,48.21,nan,ramp_up
2.388,14.3000,0.28,13.9164,11.2304,48.21,nan,ramp_up
2.400,14.3000,0.29,14.1606,11.2304,48.21,nan,ramp_up
2.414,14.4000,0.06,14.2741,11.6782,48.21,nan,ramp_up
2.425,14.5000,0.04,14.4305,11.6782,48.21,nan,ramp_up
2.438,14.5000,0.04,14.4305,11.6782,48.21,nan,ramp_up
2.450,14.6000,0.10,14.4800,11.6782,48.21,nan,ramp_up
2.463,14.7000,0.04,14.5185,11.6782,48.21,nan,ramp_up
2.475,14.8000,0.04,14.5185,11.6782,48.21,nan,ramp_up
2.488,14.8000,0.07,14.6500,11.6782,48.21,nan,ramp_up
2.501,14.9000,0.12,14.7770,12.1054,48.21,nan,ramp_up
2.513,15.0000,0.11,14.8528,12.1054,48.21,nan,ramp_up
2.525,15.1000,0.01,15.0397,12.1054,48.21,nan,ramp_up
2.538,15.1000,0.01,15.0397,12.1054,48.21,nan,ramp_up
2.550,15.2000,0.08,15.1515,12.1054,48.17,nan,ramp_up
2.563,15.3000,0.10,15.2783,12.1054,48.17,nan,ramp_up
2.575,15.4000,0.10,15.2783,12.1054,48.17,nan,ramp_up
2.588,15.4000,0.17,15.2679,12.1054,48.21,nan,ramp_up
2.602,15.5000,0.22,15.5275,12.6190,48.21,nan,ramp_up
2.613,15.6000,0.18,15.6119,12.6190,48.21,nan,ramp_up
2.626,15.7000,0.18,15.6119,12.6190,48.21,nan,ramp_up
2.638,15.7000,0.11,15.6385,12.6190,48.17,nan,ramp_up
2.650,15.8000,0.06,15.6792,12.6190,48.17,nan,ramp_up
2.663,15.9000,0.15,15.7966,12.6190,48.17,nan,ramp_up
2.676,16.0000,0.15,15.7966,12.6190,48.17,nan,ramp_up
2.691,16.1000,0.15,15.9537,12.9573,48.21,nan,ramp_up
2.700,16.1000,0.22,16.0333,12.9573,48.21,nan,ramp_up
2.713,16.2000,0.24,16.1041,12.9573,48.17,nan,ramp_up
2.725,16.3000,0.24,16.1041,12.9573,48.17,nan,ramp_up
2.738,16.3000,0.37,16.1144,12.9573,48.21,nan,ramp_up
2.750,16.4000,0.20,16.3420,12.9573,48.17,nan,ramp_up
2.763,16.5000,0.14,16.4323,12.9573,48.21,nan,ramp_up
2.775,16.6000,0.14,16.4323,12.9573,48.21,nan,ramp_up
2.789,16.6000,0.11,16.4476,13.4430,48.21,nan,ramp_up
2.800,16.7000,0.17,16.5862,13.4430,48.17,nan,ramp_up
2.813,16.8000,0.11,16.6742,13.4430,48.21,nan,ramp_up
2.826,16.9000,0.11,16.6742,13.4430,48.21,nan,ramp_up
2.838,16.9000,0.10,16.7715,13.4430,48.21,nan,ramp_up
2.850,17.0000,0.12,16.8393,13.4430,48.17,nan,ramp_up
2.863,17.1000,0.03,17.0155,13.4430,48.17,nan,ramp_up
2.877,17.2000,0.03,17.0155,14.0540,48.17,nan,ramp_up
2.888,17.2000,0.06,17.1729,14.0540,48.21,nan,ramp_up
2.900,17.3000,0.09,17.1785,14.0540,48.21,nan,ramp_up
2.913,17.4000,0.10,17.3041,14.0540,48.21,nan,ramp_up
2.926,17.5000,0.10,17.3041,14.0540,48.21,nan,ramp_up
2.938,17.5000,0.12,17.4236,14.0540,48.17,nan,ramp_up
2.950,17.6000,0.08,17.5213,14.0540,48.17,nan,ramp_up
2.964,17.7000,0.10,17.6167,14.6003,48.21,nan,ramp_up
2.976,17.8000,0.10,17.6167,14.6003,48.21,nan,ramp_up
2.988,17.8000,0.08,17.7417,14.6003,48.21,nan,ramp_up
3.000,17.9000,0.02,17.7209,14.6003,48.21,nan,ramp_up
3.013,18.0000,0.08,18.0201,14.6003,48.21,nan,ramp_up
3.025,18.1000,0.08,18.0201,14.6003,48.21,nan,ramp_up
3.038,18.1000,0.10,17.9217,14.6003,48.21,nan,ramp_up
3.050,18.2000,0.15,18.0249,14.6003,48.17,nan,ramp_up
3.064,18.3000,0.17,18.1524,14.9723,48.21,nan,ramp_up
3.077,18.4000,0.17,18.1524,14.9723,48.21,nan,ramp_up
3.088,18.4000,0.21,18.3030,14.9723,48.21,nan,ramp_up
3.100,18.5000,0.34,18.3572,14.9723,48.21,nan,ramp_up
3.113,18.6000,0.14,18.4963,14.9723,48.21,nan,ramp_up
3.126,18.7000,0.14,18.4963,14.9723,48.21,nan,ramp_up
3.138,18.7000,0.05,18.4021,14.9723,48.21,nan,ramp_up
3.151,18.8000,0.14,18.8207,15.4118,48.21,nan,ramp_up
3.163,18.9000,0.05,18.7622,15.4118,48.21,nan,ramp_up
3.175,19.0000,0.05,18.7622,15.4118,48.21,nan,ramp_up
3.188,19.0000,0.05,18.8746,15.4118,48.21,nan,ramp_up
3.200,19.1000,0.09,19.0047,15.4118,48.21,nan,ramp_up
3.213,19.2000,0.12,19.2508,15.4118,48.21,nan,ramp_up
3.225,19.3000,0.12,19.2508,15.4118,48.21,nan,ramp_up
3.238,19.3000,0.12,19.2722,15.4118,48.21,nan,ramp_up
3.251,19.4000,0.11,19.3206,15.9887,48.21,nan,ramp_up
3.263,19.5000,0.14,19.4297,15.9887,48.21,nan,ramp_up
3.275,19.6000,0.14,19.4297,15.9887,48.21,nan,ramp_up
3.288,19.6000,0.06,19.6729,15.9887,48.21,nan,ramp_up
3.300,19.7000,0.15,19.6408,15.9887,48.21,nan,ramp_up
3.313,19.8000,0.06,19.7633,15.9887,48.21,nan,ramp_up
3.326,19.9000,0.06,19.7633,15.9887,48.21,nan,ramp_up
3.339,19.9000,0.15,19.9350,16.5981,48.21,nan,ramp_up
3.350,20.0000,0.07,19.7276,16.5981,48.21,nan,ramp_up
3.363,20.1000,0.15,19.9797,16.5981,48.21,nan,ramp_up
3.375,20.2000,0.15,19.9797,16.5981,48.21,nan,ramp_up
3.388,20.2000,0.15,19.9396,16.5981,48.21,nan,ramp_up
3.400,20.3000,0.22,20.1921,16.5981,48.21,nan,ramp_up
3.413,20.4000,0.50,20.2038,16.5981,48.21,nan,ramp_up
3.429,20.5000,0.50,20.2038,17.0658,48.21,nan,ramp_up
3.438,20.5000,0.22,20.4255,17.0658,48.21,nan,ramp_up
3.450,20.6000,0.04,20.5048,17.0658,48.21,nan,ramp_up
3.463,20.7000,0.06,20.6556,17.0658,48.21,nan,ramp_up
3.475,20.8000,0.06,20.6556,17.0658,48.21,nan,ramp_up
3.488,20.8000,0.06,20.7140,17.0658,48.24,nan,ramp_up
3.500,20.9000,0.02,20.8133,17.0658,48.21,nan,ramp_up
3.513,21.0000,0.02,20.7463,17.0658,48.21,nan,ramp_up
3.528,21.1000,-0.03,21.0592,17.6536,48.21,nan,ramp_up
3.538,21.1000,-0.03,21.0592,17.6536,48.21,nan,ramp_up
3.550,21.2000,0.04,21.0570,17.6536,48.21,nan,ramp_up
3.563,21.3000,0.03,21.1333,17.6536,48.21,nan,ramp_up
3.575,21.4000,0.03,21.1333,17.6536,48.21,nan,ramp_up
3.588,21.4000,0.04,21.2878,17.6536,48.21,nan,ramp_up
3.600,21.5000,0.01,21.5631,17.6536,48.21,nan,ramp_up
3.614,21.6000,0.05,21.4851,18.3684,48.21,nan,ramp_up
3.626,21.7000,0.05,21.4851,18.3684,48.21,nan,ramp_up
3.638,21.7000,0.03,21.6300,18.3684,48.21,nan,ramp_up
3.650,21.8000,0.15,21.8051,18.3684,48.21,nan,ramp_up
3.663,21.9000,0.21,21.9656,18.3684,48.21,nan,ramp_up
3.675,22.0000,0.21,21.9656,18.3684,48.21,nan,ramp_up
3.688,22.0000,0.14,21.9194,18.3684,48.21,nan,ramp_up
3.700,22.1000,0.05,21.9762,18.3684,48.21,nan,ramp_up
3.714,22.2000,0.09,22.1954,18.7705,48.21,nan,ramp_up
3.727,22.3000,0.09,22.1954,18.7705,48.21,nan,ramp_up
3.738,22.3000,0.06,22.2361,18.7705,48.21,nan,ramp_up
3.750,22.4000,0.00,22.2589,18.7705,48.21,nan,ramp_up
3.763,22.5000,0.09,22.3217,18.7705,48.21,nan,ramp_up
3.775,22.6000,0.09,22.3217,18.7705,48.21,nan,ramp_up
3.788,22.6000,0.11,22.4973,18.7705,48.21,nan,ramp_up
3.801,22.7000,0.12,22.5116,19.1175,48.21,nan,ramp_up
3.813,22.8000,0.14,22.6498,19.1175,48.17,nan,ramp_up
3.825,22.9000,0.14,22.6498,19.1175,48.17,nan,ramp_up
3.838,22.9000,0.20,22.6739,19.1175,48.17,nan,ramp_up
3.850,23.0000,0.29,22.9774,19.1175,48.17,nan,ramp_up
3.863,23.1000,0.08,23.0539,19.1175,48.17,nan,ramp_up
3.875,23.2000,0.08,23.0539,19.1175,48.17,nan,ramp_up
3.889,23.2000,0.11,23.0850,19.6579,48.17,nan,ramp_up
3.900,23.3000,0.05,23.2160,19.6579,48.21,nan,ramp_up
3.913,23.4000,0.08,23.2140,19.6579,48.21,nan,ramp_up
3.927,23.5000,-0.03,23.4546,19.6579,48.17,nan,ramp_up
3.938,23.5000,-0.03,23.4546,19.6579,48.17,nan,ramp_up
3.950,23.6000,0.01,23.3212,19.6579,48.21,nan,ramp_up
3.963,23.7000,-0.01,23.5882,19.6579,48.17,nan,ramp_up
3.975,23.8000,-0.01,23.5882,19.6579,48.17,nan,ramp_up
3.989,23.8000,-0.01,23.7056,20.1807,48.21,nan,ramp_up
4.000,23.9000,-0.01,23.7872,20.1807,48.17,nan,ramp_up
4.013,24.0000,0.06,23.7691,20.1807,48.21,nan,ramp_up
4.026,24.1000,0.06,23.7691,20.1807,48.21,nan,ramp_up
4.038,24.1000,-0.04,23.9710,20.1807,48.17,nan,ramp_up
4.050,24.2000,-0.04,24.0617,20.1807,48.17,nan,ramp_up
4.063,24.3000,0.08,24.2986,20.1807,48.17,nan,ramp_up
4.079,24.4000,0.08,24.2986,20.6965,48.17,nan,ramp_up
4.088,24.4000,0.07,24.2319,20.6965,48.17,nan,ramp_up
4.100,24.5000,0.05,24.3715,20.6965,48.17,nan,ramp_up
4.113,24.6000,0.10,24.5019,20.6965,48.17,nan,ramp_up
4.126,24.7000,0.10,24.5019,20.6965,48.17,nan,ramp_up
4.138,24.7000,0.14,24.7025,20.6965,48.17,nan,ramp_up
4.150,24.8000,0.13,24.7251,20.6965,48.17,nan,ramp_up
4.164,24.9000,0.15,24.7158,20.9469,48.17,nan,ramp_up
4.175,25.0000,0.15,24.7158,20.9469,48.17,nan,ramp_up
4.188,25.0000,0.14,24.9913,20.9469,48.17,nan,ramp_up
4.200,25.1000,0.15,25.0018,20.9469,48.17,nan,ramp_up
4.213,25.2000,0.07,24.9943,20.9469,48.17,nan,ramp_up
4.225,25.3000,0.07,24.9943,20.9469,48.17,nan,ramp_up
4.238,25.3000,0.18,25.1087,20.9469,48.17,nan,ramp_up
4.250,25.4000,0.13,25.3150,20.9469,48.13,nan,ramp_up
4.264,25.5000,0.18,25.4097,21.2002,48.13,nan,ramp_up
4.275,25.6000,0.18,25.4097,21.2002,48.13,nan,ramp_up
4.288,25.6000,0.26,25.5144,21.2002,48.13,nan,ramp_up
4.300,25.7000,0.35,25.6563,21.2002,48.13,nan,ramp_up
4.313,25.8000,0.09,25.6564,21.2002,48.13,nan,ramp_up
4.326,25.9000,0.09,25.6564,21.2002,48.13,nan,ramp_up
4.338,25.9000,0.07,25.8408,21.2002,48.13,nan,ramp_up
4.351,26.0000,0.05,25.8504,21.7003,48.17,nan,ramp_up
4.363,26.1000,0.11,26.0595,21.7003,48.13,nan,ramp_up
4.376,26.2000,0.11,26.0595,21.7003,48.13,nan,ramp_up
4.388,26.2000,0.04,26.2112,21.7003,48.13,nan,ramp_up
4.400,26.3000,0.03,26.3397,21.7003,48.13,nan,ramp_up
4.413,26.4000,0.06,26.3233,21.7003,48.13,nan,ramp_up
4.425,26.5000,0.03,26.6050,21.7003,48.10,nan,ramp_up
4.439,26.6000,0.03,26.6050,21.7003,48.10,nan,ramp_up
4.451,26.6000,-0.03,26.4063,22.4247,48.13,nan,ramp_up
4.463,26.7000,0.03,26.6825,22.4247,48.13,nan,ramp_up
4.475,26.8000,0.02,26.6445,22.4247,48.10,nan,ramp_up
4.488,26.9000,0.02,26.6445,22.4247,48.10,nan,ramp_up
4.500,26.9000,0.05,26.7462,22.4247,48.10,nan,ramp_up
4.513,27.0000,0.12,26.7840,22.4247,48.13,nan,ramp_up
4.525,27.1000,0.14,27.0200,22.4247,48.10,nan,ramp_up
4.540,27.2000,0.14,27.0200,23.0214,48.10,nan,ramp_up
4.550,27.2000,0.18,27.1604,23.0214,48.10,nan,ramp_up
4.563,27.3000,0.18,27.3363,23.0214,48.10,nan,ramp_up
4.575,27.4000,0.17,27.2448,23.0214,48.10,nan,ramp_up
4.589,27.5000,0.17,27.2448,23.0214,48.10,nan,ramp_up
4.600,27.5000,0.09,27.2914,23.0214,48.10,nan,ramp_up
4.613,27.6000,0.13,27.4949,23.0214,48.10,nan,ramp_up
4.626,27.7000,0.20,27.6785,23.3309,48.10,nan,ramp_up
4.638,27.8000,0.20,27.6785,23.3309,48.10,nan,ramp_up
4.650,27.8000,0.19,27.6525,23.3309,48.10,nan,ramp_up
4.663,27.9000,0.38,27.8824,23.3309,48.10,nan,ramp_up
4.675,28.0000,0.18,27.8200,23.3309,48.10,nan,ramp_up
4.690,28.1000,0.18,27.8200,23.3309,48.10,nan,ramp_up
4.700,28.1000,0.07,28.0746,23.3309,48.10,nan,ramp_up
4.713,28.2000,0.04,28.1682,23.3309,48.06,nan,ramp_up
4.726,28.3000,0.00,28.0870,23.8634,48.10,nan,ramp_up
4.738,28.4000,0.00,28.0870,23.8634,48.10,nan,ramp_up
4.750,28.4000,-0.00,28.3382,23.8634,48.06,nan,ramp_up
4.763,28.5000,0.13,28.3638,23.8634,48.06,nan,ramp_up
4.775,28.6000,0.03,28.4257,23.8634,48.10,nan,ramp_up
4.788,28.7000,0.03,28.4257,23.8634,48.10,nan,ramp_up
4.800,28.7000,0.03,28.6312,23.8634,48.06,nan,ramp_up
4.814,28.8000,0.03,28.5835,24.7085,48.06,nan,ramp_up
4.825,28.9000,0.01,28.7864,24.7085,48.06,nan,ramp_up
4.839,29.0000,0.01,28.7864,24.7085,48.06,nan,ramp_up
4.850,29.0000,-0.02,28.8914,24.7085,48.06,nan,ramp_up
4.863,29.1000,0.07,28.9244,24.7085,48.10,nan,ramp_up
4.875,29.2000,0.06,29.0039,24.7085,48.10,nan,ramp_up
4.889,29.3000,0.06,29.0039,24.7085,48.10,nan,ramp_up
4.900,29.3000,0.12,29.2531,24.7085,48.06,nan,ramp_up
4.914,29.4000,0.14,29.3379,25.3475,48.06,nan,ramp_up
4.925,29.5000,0.21,29.5863,25.3475,48.06,nan,ramp_up
4.938,29.6000,0.21,29.5863,25.3475,48.06,nan,ramp_up
4.950,29.6000,0.17,29.3792,25.3475,48.10,nan,ramp_up
4.963,29.7000,0.16,29.6126,25.3475,48.06,nan,ramp_up
4.975,29.8000,0.13,29.7590,25.3475,48.06,nan,ramp_up
4.988,29.9000,0.13,29.7590,25.3475,48.06,nan,ramp_up
5.001,29.9000,0.10,29.9264,25.6035,48.06,nan,ramp_up
5.013,30.0000,0.09,29.9236,25.6035,48.06,nan,ramp_up
5.025,30.1000,0.07,30.0176,25.6035,48.06,nan,ramp_up
5.038,30.2000,0.07,30.0176,25.6035,48.06,nan,ramp_up
5.050,30.2000,0.08,30.0476,25.6035,48.03,nan,ramp_up
5.063,30.3000,0.11,30.2825,25.6035,48.06,nan,ramp_up
5.075,30.4000,0.16,30.3154,25.6035,48.06,nan,ramp_up
5.090,30.5000,0.16,30.3154,26.0570,48.06,nan,ramp_up
5.100,30.5000,0.14,30.2886,26.0570,48.06,nan,ramp_up
5.113,30.6000,0.20,30.5318,26.0570,48.06,nan,ramp_up
5.125,30.7000,0.19,30.5836,26.0570,48.10,nan,ramp_up
5.138,30.8000,0.19,30.5836,26.0570,48.10,nan,ramp_up
5.150,30.8000,0.06,30.8645,26.0570,48.06,nan,ramp_up
5.163,30.9000,0.06,30.8500,26.0570,48.06,nan,ramp_up
5.175,31.0000,0.05,30.9028,26.0570,48.06,nan,ramp_up
5.191,31.1000,0.05,30.9028,26.6700,48.06,nan,ramp_up
5.200,31.1000,0.04,31.0893,26.6700,48.06,nan,ramp_up
5.213,31.2000,-0.01,31.1002,26.6700,48.06,nan,ramp_up
5.225,31.3000,0.02,31.0335,26.6700,48.06,nan,ramp_up
5.238,31.4000,0.02,31.0335,26.6700,48.06,nan,ramp_up
5.250,31.4000,0.03,31.2961,26.6700,48.10,nan,ramp_up
5.263,31.5000,0.07,31.4759,26.6700,48.06,nan,ramp_up
5.277,31.6000,-0.02,31.4785,27.2082,48.06,nan,ramp_up
5.288,31.7000,-0.02,31.4785,27.2082,48.06,nan,ramp_up
5.300,31.7000,0.02,31.7642,27.2082,48.06,nan,ramp_up
5.313,31.8000,0.05,31.6946,27.2082,48.10,nan,ramp_up
5.325,31.9000,0.05,31.7444,27.2082,48.06,nan,ramp_up
5.339,32.0000,0.05,31.7444,27.2082,48.06,nan,ramp_up
5.350,32.0000,0.06,31.6816,27.2082,48.06,nan,ramp_up
5.363,32.1000,-0.02,31.9496,27.2082,48.06,nan,ramp_up
5.376,32.2000,0.00,32.2066,27.6270,48.06,nan,ramp_up
5.388,32.3000,0.00,32.2066,27.6270,48.06,nan,ramp_up
5.400,32.3000,0.04,32.2124,27.6270,48.03,nan,ramp_up
5.413,32.4000,0.01,32.1334,27.6270,48.10,nan,ramp_up
5.425,32.5000,0.03,32.4875,27.6270,48.06,nan,ramp_up
5.439,32.6000,0.03,32.4875,27.6270,48.06,nan,ramp_up
5.450,32.6000,0.07,32.4777,27.6270,48.06,nan,ramp_up
5.464,32.7000,0.05,32.6570,27.7731,48.06,nan,ramp_up
5.475,32.8000,0.06,32.7331,27.7731,48.03,nan,ramp_up
5.488,32.9000,0.06,32.7331,27.7731,48.03,nan,ramp_up
5.500,32.9000,0.13,32.9556,27.7731,48.06,nan,ramp_up
5.513,33.0000,0.11,33.0204,27.7731,48.06,nan,ramp_up
5.525,33.1000,0.07,32.9856,27.7731,48.06,nan,ramp_up
5.538,33.2000,0.07,32.9856,27.7731,48.06,nan,ramp_up
5.551,33.2000,0.16,33.0280,27.9054,48.06,nan,ramp_up
5.563,33.3000,0.14,33.3059,27.9054,48.10,nan,ramp_up
5.575,33.4000,0.08,33.2713,27.9054,48.06,nan,ramp_up
5.588,33.5000,0.08,33.2713,27.9054,48.06,nan,ramp_up
5.600,33.5000,0.14,33.3732,27.9054,48.06,nan,ramp_up
5.613,33.6000,0.12,33.5440,27.9054,48.06,nan,ramp_up
5.625,33.7000,0.11,33.4872,27.9054,48.06,nan,ramp_up
5.638,33.8000,0.11,33.4872,27.9054,48.06,nan,ramp_up
5.651,33.8000,0.18,33.7087,28.1948,48.10,nan,ramp_up
5.663,33.9000,0.30,33.9036,28.1948,48.06,nan,ramp_up
5.675,34.0000,0.31,33.9129,28.1948,48.13,nan,ramp_up
5.688,34.1000,0.31,33.9129,28.1948,48.13,nan,ramp_up
5.700,34.1000,0.04,34.0871,28.1948,48.10,nan,ramp_up
5.713,34.2000,0.13,34.1163,28.1948,48.10,nan,ramp_up
5.725,34.3000,0.04,34.1508,28.1948,48.10,nan,ramp_up
5.740,34.4000,0.04,34.1508,28.7971,48.10,nan,ramp_up
5.750,34.4000,0.07,34.4081,28.7971,48.06,nan,ramp_up
5.763,34.5000,0.04,34.4205,28.7971,48.10,nan,ramp_up
5.775,34.6000,0.05,34.4935,28.7971,48.10,nan,ramp_up
5.789,34.7000,0.05,34.4935,28.7971,48.10,nan,ramp_up
5.800,34.7000,0.03,34.6058,28.7971,48.10,nan,ramp_up
5.813,34.8000,0.02,34.8079,28.7971,48.06,nan,ramp_up
5.826,34.9000,0.07,34.8055,29.5765,48.10,nan,ramp_up
5.838,35.0000,0.07,34.8055,29.5765,48.10,nan,ramp_up
5.850,35.0000,0.09,34.6234,29.5765,48.06,nan,ramp_up
5.863,35.1000,0.07,34.9841,29.5765,48.06,nan,ramp_up
5.875,35.2000,0.08,35.0686,29.5765,48.10,nan,ramp_up
5.888,35.3000,0.08,35.0686,29.5765,48.10,nan,ramp_up
5.900,35.3000,0.12,35.3182,29.5765,48.10,nan,ramp_up
5.913,35.4000,0.19,35.3309,29.5765,48.10,nan,ramp_up
5.927,35.5000,0.23,35.4158,30.1617,48.10,nan,ramp_up
5.938,35.6000,0.17,35.5273,30.1617,48.10,nan,ramp_up
5.950,35.6000,0.17,35.5273,30.1617,48.10,nan,ramp_up
5.963,35.7000,0.08,35.5743,30.1617,48.10,nan,ramp_up
5.975,35.8000,0.10,35.6138,30.1617,48.13,nan,ramp_up
5.988,35.9000,0.10,35.6138,30.1617,48.13,nan,ramp_up
6.000,35.9000,0.13,35.9246,30.1617,48.10,nan,ramp_up
6.014,36.0000,0.26,35.8635,30.4485,48.06,nan,ramp_up
6.025,36.1000,0.18,35.8606,30.4485,48.13,nan,ramp_up
6.038,36.2000,0.49,35.9417,30.4485,48.10,nan,ramp_up
6.050,36.2000,0.49,35.9417,30.4485,48.10,nan,ramp_up
6.063,36.3000,0.21,36.2430,30.4485,48.10,nan,ramp_up
6.075,36.4000,0.12,36.3764,30.4485,48.10,nan,ramp_up
6.088,36.5000,0.08,36.3992,30.4485,48.10,nan,ramp_up
6.100,36.5000,0.08,36.3992,30.4485,48.10,nan,ramp_up
6.114,36.6000,0.03,36.4090,31.0411,48.10,nan,ramp_up
6.125,36.7000,0.02,36.5435,31.0411,48.10,nan,ramp_up
6.138,36.8000,0.04,36.6047,31.0411,48.10,nan,ramp_up
6.150,36.8000,0.04,36.6047,31.0411,48.10,nan,ramp_up
6.163,36.9000,0.00,36.7052,31.0411,48.10,nan,ramp_up
6.175,37.0000,-0.03,37.0197,31.0411,48.06,nan,ramp_up
6.189,37.1000,-0.03,37.0197,31.0411,48.06,nan,ramp_up
6.201,37.1000,-0.01,36.9302,31.8828,48.10,nan,ramp_up
6.213,37.2000,-0.04,37.2810,31.8828,48.10,nan,ramp_up
6.225,37.3000,-0.02,37.1863,31.8828,48.10,nan,ramp_up
6.238,37.4000,0.07,37.1409,31.8828,48.06,nan,ramp_up
6.250,37.4000,0.07,37.1409,31.8828,48.06,nan,ramp_up
6.263,37.5000,-0.02,37.4129,31.8828,48.10,nan,ramp_up
6.275,37.6000,0.03,37.4599,31.8828,48.10,nan,ramp_up
6.289,37.7000,0.03,37.4599,32.4387,48.10,nan,ramp_up
6.300,37.7000,0.06,37.5790,32.4387,48.06,nan,ramp_up
6.313,37.8000,0.01,37.6614,32.4387,48.10,nan,ramp_up
6.325,37.9000,0.05,37.8718,32.4387,48.06,nan,ramp_up
6.338,38.0000,0.05,37.8718,32.4387,48.06,nan,ramp_up
6.350,38.0000,0.11,37.9664,32.4387,48.06,nan,ramp_up
6.363,38.1000,0.19,38.1217,32.4387,48.06,nan,ramp_up
6.375,38.2000,0.28,38.0764,32.4387,48.06,nan,ramp_up
6.389,38.3000,0.17,38.2663,32.5838,48.06,nan,ramp_up
6.400,38.3000,0.17,38.2663,32.5838,48.06,nan,ramp_up
6.413,38.4000,0.04,38.3402,32.5838,48.10,nan,ramp_up
6.425,38.5000,0.01,38.3690,32.5838,48.06,nan,ramp_up
6.438,38.6000,0.10,38.4630,32.5838,48.06,nan,ramp_up
6.450,38.6000,0.10,38.4630,32.5838,48.06,nan,ramp_up
6.463,38.7000,0.09,38.6295,32.5838,48.06,nan,ramp_up
6.476,38.8000,0.09,38.7002,32.8354,48.10,nan,ramp_up
6.488,38.9000,0.09,38.7002,32.8354,48.10,nan,ramp_up
6.500,38.9000,0.10,38.8685,32.8354,48.06,nan,ramp_up
6.513,39.0000,0.17,38.9378,32.8354,48.03,nan,ramp_up
6.525,39.1000,0.14,39.0705,32.8354,48.06,nan,ramp_up
6.538,39.2000,0.14,39.0705,32.8354,48.06,nan,ramp_up
6.550,39.2000,0.12,39.1128,32.8354,48.06,nan,ramp_up
6.563,39.3000,0.07,39.2599,32.8354,48.06,nan,ramp_up
6.577,39.4000,0.06,39.3600,33.4514,48.03,nan,ramp_up
6.588,39.5000,0.06,39.3600,33.4514,48.03,nan,ramp_up
6.600,39.5000,-0.03,39.3349,33.4514,48.03,nan,ramp_up
6.613,39.6000,-0.02,39.4819,33.4514,48.03,nan,ramp_up
6.625,39.7000,0.03,39.7460,33.4514,48.03,nan,ramp_up
6.638,39.8000,0.03,39.7460,33.4514,48.03,nan,ramp_up
6.650,39.8000,0.04,39.6751,33.4514,48.06,nan,ramp_up
6.664,39.9000,-0.03,39.8035,34.0738,48.06,nan,ramp_up
6.675,40.0000,-0.01,39.7935,34.0738,48.03,nan,ramp_up
6.688,40.0000,-0.01,39.7935,34.0738,48.03,nan,hold
6.700,40.0000,-0.01,40.1035,34.0738,48.06,nan,hold
6.713,40.0000,0.03,39.8867,34.0738,48.03,nan,hold
6.725,40.0000,-0.04,40.0799,34.0738,48.06,nan,hold
6.738,40.0000,-0.02,39.8899,34.0738,48.06,nan,hold
6.755,40.0000,-0.02,39.8899,34.5607,48.06,nan,hold
6.763,40.0000,-0.04,39.9865,34.5607,48.06,nan,hold
6.775,40.0000,-0.02,40.0138,34.5607,48.03,nan,hold
6.788,40.0000,-0.01,40.0139,34.5607,48.03,nan,hold
6.801,40.0000,-0.01,40.0139,34.5607,48.03,nan,hold
6.813,40.0000,-0.01,40.0929,34.5607,48.06,nan,hold
6.825,40.0000,-0.04,39.9504,34.5607,48.03,nan,hold
6.838,40.0000,-0.02,39.8311,34.5607,48.06,nan,hold
6.853,40.0000,-0.02,39.8311,34.7363,48.06,nan,hold
6.863,40.0000,0.00,39.9783,34.7363,48.03,nan,hold
6.875,40.0000,0.02,39.9131,34.7363,48.06,nan,hold
6.888,40.0000,-0.04,40.0322,34.7363,48.06,nan,hold
6.901,40.0000,-0.04,40.0322,34.7363,48.06,nan,hold
6.913,40.0000,0.01,39.9678,34.7363,48.03,nan,hold
6.925,40.0000,0.03,39.8488,34.7363,48.03,nan,hold
6.939,40.0000,0.04,39.9897,34.7014,48.03,nan,hold
6.951,40.0000,0.04,39.9897,34.7014,48.03,nan,hold
6.963,40.0000,-0.04,39.9490,34.7014,48.03,nan,hold
6.975,40.0000,0.00,40.0572,34.7014,48.03,nan,hold
6.988,40.0000,-0.02,39.9787,34.7014,48.03,nan,hold
7.000,40.0000,0.01,40.0440,34.7014,48.03,nan,hold
7.013,40.0000,0.01,40.0440,34.7014,48.03,nan,hold
7.025,40.0000,-0.06,39.8602,34.7014,48.03,nan,hold
7.039,40.0000,-0.02,40.1096,34.6327,48.06,nan,hold
7.050,40.0000,-0.02,40.1096,34.6327,48.06,nan,hold
7.063,40.0000,0.03,39.9517,34.6327,48.06,nan,hold
7.075,40.0000,0.03,39.8928,34.6327,48.03,nan,hold
7.088,40.0000,-0.02,40.1336,34.6327,47.99,nan,hold
7.100,40.0000,-0.01,39.9090,34.6327,48.03,nan,hold
7.113,40.0000,-0.01,39.9090,34.6327,48.03,nan,hold
7.126,40.0000,0.01,39.9787,34.5817,48.03,nan,hold
7.138,40.0000,0.01,39.9092,34.5817,48.03,nan,hold
7.150,40.0000,-0.02,40.1816,34.5817,48.03,nan,hold
7.163,40.0000,-0.02,40.1816,34.5817,48.03,nan,hold
7.175,40.0000,-0.02,40.0424,34.5817,48.03,nan,hold
7.188,40.0000,0.08,39.9756,34.5817,48.03,nan,hold
7.200,40.0000,0.03,39.9884,34.5817,47.99,nan,hold
7.216,40.0000,0.03,39.9884,34.5420,47.99,nan,hold
7.225,40.0000,-0.04,40.0988,34.5420,48.03,nan,hold
7.238,40.0000,-0.02,39.9903,34.5420,48.03,nan,hold
7.250,40.0000,-0.01,39.9338,34.5420,48.03,nan,hold
7.263,40.0000,-0.01,39.9338,34.5420,48.03,nan,hold
7.275,40.0000,-0.04,40.0027,34.5420,48.03,nan,hold
7.288,40.0000,-0.04,40.0301,34.5420,48.03,nan,hold
7.300,40.0000,-0.01,40.1678,34.5420,48.03,nan,hold
7.315,40.0000,-0.01,40.1678,34.5076,48.03,nan,hold
7.325,40.0000,-0.01,39.9885,34.5076,48.03,nan,hold
7.338,40.0000,0.06,39.8851,34.5076,48.03,nan,hold
7.350,40.0000,0.02,39.9467,34.5076,48.06,nan,hold
7.363,40.0000,0.02,39.9467,34.5076,48.06,nan,hold
7.375,40.0000,0.03,40.0035,34.5076,48.06,nan,hold
7.388,40.0000,0.04,39.9531,34.5076,48.03,nan,hold
7.402,40.0000,0.02,39.8796,34.4805,48.03,nan,hold
7.413,40.0000,0.04,40.1402,34.4805,48.03,nan,hold
7.426,40.0000,0.04,40.1402,34.4805,48.03,nan,hold
7.438,40.0000,0.04,40.0191,34.4805,48.06,nan,hold
7.450,40.0000,-0.02,40.1833,34.4805,48.03,nan,hold
7.463,40.0000,0.01,40.0392,34.4805,48.03,nan,hold
7.475,40.0000,0.01,40.0392,34.4805,48.03,nan,hold
7.489,40.0000,-0.00,39.9431,34.4533,48.03,nan,hold
7.500,40.0000,-0.03,39.9834,34.4533,48.03,nan,hold
7.513,40.0000,0.00,39.9991,34.4533,47.99,nan,hold
7.526,40.0000,0.00,39.9991,34.4533,47.99,nan,hold
7.538,40.0000,0.04,40.1150,34.4533,48.03,nan,hold
7.550,40.0000,-0.00,39.9791,34.4533,48.03,nan,hold
7.563,40.0000,0.02,40.1177,34.4533,48.03,nan,hold
7.576,40.0000,0.02,40.1177,34.4533,48.03,nan,hold
7.593,40.0000,0.07,40.0325,34.4333,48.03,nan,hold
7.600,40.0000,0.04,40.0308,34.4333,48.06,nan,hold
7.613,40.0000,0.01,40.0415,34.4333,47.99,nan,hold
7.625,40.0000,0.01,40.0415,34.4333,47.99,nan,hold
7.638,40.0000,0.01,39.7556,34.4333,48.03,nan,hold
7.650,40.0000,0.01,40.0024,34.4333,48.03,nan,hold
7.663,40.0000,0.01,40.1073,34.4333,48.03,nan,hold
7.676,40.0000,0.05,40.0310,34.4178,48.03,nan,hold
7.688,40.0000,0.05,40.0310,34.4178,48.03,nan,hold
7.700,40.0000,0.03,39.9065,34.4178,48.03,nan,hold
7.713,40.0000,0.03,40.0412,34.4178,48.03,nan,hold
7.725,40.0000,-0.03,40.0697,34.4178,48.03,nan,hold
7.738,40.0000,-0.03,40.0697,34.4178,48.03,nan,hold
7.750,40.0000,-0.03,39.8673,34.4178,48.03,nan,hold
7.763,40.0000,0.03,40.3086,34.4178,48.03,nan,hold
7.776,40.0000,-0.01,39.9260,34.4000,48.03,nan,hold
7.789,40.0000,-0.01,39.9260,34.4000,48.03,nan,hold
7.800,40.0000,-0.03,40.0220,34.4000,48.06,nan,hold
7.813,40.0000,-0.01,39.9151,34.4000,48.03,nan,hold
7.825,40.0000,0.03,40.0880,34.4000,48.03,nan,hold
7.838,40.0000,0.03,40.0880,34.4000,48.03,nan,hold
7.850,40.0000,0.02,40.0785,34.4000,47.99,nan,hold
7.864,40.0000,0.02,39.9252,34.3803,48.03,nan,hold
7.875,40.0000,-0.06,39.9537,34.3803,48.03,nan,hold
7.888,40.0000,-0.06,39.9537,34.3803,48.03,nan,hold
7.900,40.0000,0.03,40.0683,34.3803,48.06,nan,hold
7.913,40.0000,0.02,39.8774,34.3803,48.06,nan,hold
7.925,40.0000,0.02,39.8394,34.3803,48.03,nan,hold
7.939,40.0000,0.02,39.8394,34.3803,48.03,nan,hold
7.951,40.0000,0.05,39.9265,34.3636,48.03,nan,hold
7.963,40.0000,0.02,40.0978,34.3636,48.03,nan,hold
7.975,40.0000,0.01,39.9164,34.3636,48.03,nan,hold
7.989,40.0000,0.01,39.9164,34.3636,48.03,nan,hold
8.000,40.0000,0.04,39.8600,34.3636,48.06,nan,hold
8.013,40.0000,-0.01,40.0789,34.3636,48.03,nan,hold
8.025,40.0000,-0.01,40.0703,34.3636,48.03,nan,hold
8.038,40.0000,-0.01,40.0703,34.3636,48.03,nan,hold
8.051,40.0000,0.01,39.9768,34.3507,48.03,nan,hold
8.063,40.0000,0.00,40.0912,34.3507,48.03,nan,hold
8.075,40.0000,0.06,39.9915,34.3507,48.03,nan,hold
8.088,40.0000,0.06,39.9915,34.3507,48.03,nan,hold
8.100,40.0000,-0.04,40.0328,34.3507,48.03,nan,hold
8.113,40.0000,0.00,39.9325,34.3507,48.03,nan,hold
8.125,40.0000,0.06,40.0031,34.3507,48.03,nan,hold
8.141,40.0000,0.06,40.0031,34.3404,48.03,nan,hold
8.150,40.0000,-0.02,40.0650,34.3404,48.03,nan,hold
8.163,40.0000,0.03,40.0282,34.3404,47.99,nan,hold
8.175,40.0000,0.04,39.9143,34.3404,48.03,nan,hold
8.188,40.0000,0.04,39.9143,34.3404,48.03,nan,hold
8.200,40.0000,-0.04,40.0062,34.3404,48.03,nan,hold
8.213,40.0000,-0.01,39.9100,34.3404,48.03,nan,hold
8.225,40.0000,-0.01,40.0054,34.3404,48.03,nan,hold
8.240,40.0000,-0.01,40.0054,34.3296,48.03,nan,hold
8.250,40.0000,-0.01,39.9255,34.3296,47.99,nan,hold
8.263,40.0000,-0.04,39.9621,34.3296,48.03,nan,hold
8.275,40.0000,-0.01,39.9967,34.3296,48.03,nan,hold
8.289,40.0000,-0.01,39.9967,34.3296,48.03,nan,hold
8.300,40.0000,0.03,40.0563,34.3296,48.03,nan,hold
8.313,40.0000,-0.02,40.1757,34.3296,48.03,nan,hold
8.327,40.0000,0.01,39.9551,34.3216,48.03,nan,hold
8.338,40.0000,0.01,39.9551,34.3216,48.03,nan,hold
8.350,40.0000,0.05,40.0983,34.3216,47.99,nan,hold
8.363,40.0000,0.00,40.0384,34.3216,48.03,nan,hold
8.375,40.0000,-0.07,39.8664,34.3216,48.03,nan,hold
8.388,40.0000,-0.07,39.8664,34.3216,48.03,nan,hold
8.400,40.0000,0.02,39.9922,34.3216,48.03,nan,hold
8.414,40.0000,-0.02,40.0506,34.3157,48.03,nan,hold
8.425,40.0000,-0.00,39.9851,34.3157,48.03,nan,hold
8.439,40.0000,-0.00,39.9851,34.3157,48.03,nan,hold
8.450,40.0000,-0.02,40.1040,34.3157,47.99,nan,hold
8.463,40.0000,-0.01,40.0982,34.3157,47.99,nan,hold
8.475,40.0000,-0.00,40.0356,34.3157,48.03,nan,hold
8.488,40.0000,-0.04,40.0204,34.3157,48.03,nan,hold
8.500,40.0000,-0.04,40.0204,34.3157,48.03,nan,hold
8.514,40.0000,0.04,40.0140,34.3154,48.03,nan,hold
8.525,40.0000,0.05,40.0184,34.3154,48.03,nan,hold
8.538,40.0000,-0.04,39.9975,34.3154,48.03,nan,hold
8.551,40.0000,-0.04,39.9975,34.3154,48.03,nan,hold
8.563,40.0000,-0.04,40.0276,34.3154,48.03,nan,hold
8.575,40.0000,0.01,39.9840,34.3154,48.03,nan,hold
8.588,40.0000,0.01,39.9970,34.3154,48.03,nan,hold
8.604,40.0000,0.01,39.9970,34.3101,48.03,nan,hold
8.613,40.0000,0.00,40.0012,34.3101,48.03,nan,hold
8.625,40.0000,-0.03,40.0357,34.3101,48.03,nan,hold
8.638,40.0000,-0.02,39.9101,34.3101,48.03,nan,hold
8.651,40.0000,-0.02,39.9101,34.3101,48.03,nan,hold
8.663,40.0000,0.00,39.9535,34.3101,48.03,nan,hold
8.675,40.0000,-0.05,39.9533,34.3101,48.03,nan,hold
8.688,40.0000,0.04,39.9189,34.3101,48.03,nan,hold
8.703,40.0000,0.04,39.9189,34.3039,48.03,nan,hold
8.713,40.0000,-0.01,39.9840,34.3039,48.03,nan,hold
8.725,40.0000,0.03,39.8818,34.3039,48.03,nan,hold
8.738,40.0000,0.07,40.0525,34.3039,48.03,nan,hold
8.751,40.0000,0.07,40.0525,34.3039,48.03,nan,hold
8.763,40.0000,0.04,40.0860,34.3039,48.06,nan,hold
8.775,40.0000,-0.04,40.0891,34.3039,48.03,nan,hold
8.789,40.0000,0.00,39.9770,34.2990,47.99,nan,hold
8.800,40.0000,-0.03,39.8311,34.2990,48.03,nan,hold
8.813,40.0000,-0.03,39.8311,34.2990,48.03,nan,hold
8.825,40.0000,-0.03,40.0448,34.2990,48.03,nan,hold
8.838,40.0000,0.01,39.9882,34.2990,48.03,nan,hold
8.850,40.0000,0.04,39.9738,34.2990,48.03,nan,hold
8.864,40.0000,0.04,39.9738,34.2990,48.03,nan,hold
8.876,40.0000,0.02,40.0931,34.2934,48.03,nan,hold
8.888,40.0000,0.01,40.0047,34.2934,48.03,nan,hold
8.900,40.0000,0.05,40.0629,34.2934,48.03,nan,hold
8.914,40.0000,0.05,40.0629,34.2934,48.03,nan,hold
8.925,40.0000,-0.01,39.8290,34.2934,48.03,nan,hold
8.938,40.0000,0.01,40.0940,34.2934,48.03,nan,hold
8.950,40.0000,0.01,39.9695,34.2934,48.03,nan,hold
8.963,40.0000,0.01,39.9695,34.2934,48.03,nan,hold
8.976,40.0000,0.02,39.9842,34.2893,47.99,nan,hold
8.988,40.0000,-0.03,39.9842,34.2893,47.99,nan,hold
9.000,40.0000,-0.01,40.0451,34.2893,47.99,nan,hold
9.014,40.0000,-0.01,40.0451,34.2893,47.99,nan,hold
9.025,40.0000,0.04,40.1103,34.2893,47.99,nan,hold
9.038,40.0000,-0.01,40.0465,34.2893,48.03,nan,hold
9.050,40.0000,-0.00,39.8700,34.2893,48.03,nan,hold
9.066,40.0000,-0.00,39.8700,34.2879,48.03,nan,hold
9.075,40.0000,-0.01,39.9192,34.2879,48.03,nan,hold
9.088,40.0000,0.02,40.1549,34.2879,48.03,nan,hold
9.100,40.0000,-0.03,40.1555,34.2879,48.03,nan,hold
9.114,40.0000,-0.03,40.1555,34.2879,48.03,nan,hold
9.125,40.0000,-0.01,39.9344,34.2879,48.03,nan,hold
9.138,40.0000,0.02,39.9812,34.2879,47.99,nan,hold
9.151,40.0000,0.02,39.9498,34.2879,47.99,nan,hold
9.163,40.0000,0.02,39.9498,34.2879,47.99,nan,hold
9.175,40.0000,-0.02,39.9663,34.2879,47.99,nan,hold
9.188,40.0000,-0.01,40.1081,34.2879,48.03,nan,hold
9.200,40.0000,0.01,39.9338,34.2879,48.03,nan,hold
9.214,40.0000,0.01,39.9338,34.2879,48.03,nan,hold
9.225,40.0000,0.04,40.0287,34.2879,47.99,nan,hold
9.238,40.0000,-0.04,39.9492,34.2879,48.03,nan,hold
9.251,40.0000,-0.01,39.9495,34.2897,48.03,nan,hold
9.263,40.0000,-0.04,40.0128,34.2897,48.03,nan,hold
9.275,40.0000,-0.04,40.0128,34.2897,48.03,nan,hold
9.288,40.0000,0.01,40.0126,34.2897,47.99,nan,hold
9.300,40.0000,0.02,39.9028,34.2897,48.03,nan,hold
9.313,40.0000,0.03,40.0286,34.2897,48.03,nan,hold
9.325,40.0000,0.03,40.0286,34.2897,48.03,nan,hold
9.339,40.0000,-0.03,40.0292,34.2853,48.03,nan,hold
9.350,40.0000,0.01,39.8400,34.2853,48.03,nan,hold
9.363,40.0000,0.02,39.9501,34.2853,48.03,nan,hold
9.376,40.0000,0.02,39.9501,34.2853,48.03,nan,hold
9.388,40.0000,-0.00,40.0293,34.2853,48.03,nan,hold
9.400,40.0000,0.03,40.0457,34.2853,47.99,nan,hold
9.413,40.0000,-0.00,39.9501,34.2853,47.99,nan,hold
9.426,40.0000,-0.00,39.9501,34.2853,47.99,nan,hold
9.440,40.0000,0.02,39.9653,34.2829,47.99,nan,hold
9.450,40.0000,0.03,39.9191,34.2829,48.03,nan,hold
9.463,40.0000,0.00,39.9050,34.2829,47.99,nan,hold
9.475,40.0000,-0.02,39.9665,34.2829,48.03,nan,hold
9.488,40.0000,-0.02,39.9665,34.2829,48.03,nan,hold
9.500,40.0000,-0.02,39.9819,34.2829,48.03,nan,hold
9.513,40.0000,-0.03,39.8916,34.2829,48.03,nan,hold
9.526,40.0000,0.04,39.9706,34.2843,48.03,nan,hold
9.538,40.0000,0.04,39.9706,34.2843,48.03,nan,hold
9.550,40.0000,0.05,39.9913,34.2843,48.03,nan,hold
9.563,40.0000,0.05,40.0979,34.2843,48.03,nan,hold
9.575,40.0000,-0.06,39.9562,34.2843,47.99,nan,hold
9.589,40.0000,-0.06,39.9562,34.2843,47.99,nan,hold
9.600,40.0000,0.09,39.9978,34.2843,48.03,nan,hold
9.614,40.0000,0.06,40.0384,34.2834,48.03,nan,hold
9.625,40.0000,0.04,39.9326,34.2834,48.03,nan,hold
9.638,40.0000,0.02,40.0503,34.2834,47.99,nan,hold
9.651,40.0000,0.02,40.0503,34.2834,47.99,nan,hold
9.663,40.0000,0.03,40.0919,34.2834,47.99,nan,hold
9.675,40.0000,-0.03,39.8645,34.2834,47.99,nan,hold
9.688,40.0000,0.02,39.9180,34.2834,47.99,nan,hold
9.700,40.0000,0.02,39.9180,34.2834,47.99,nan,hold
9.714,40.0000,-0.03,39.9147,34.2887,47.99,nan,hold
9.725,40.0000,0.06,39.9469,34.2887,48.03,nan,hold
9.738,40.0000,0.04,40.0202,34.2887,47.99,nan,hold
9.751,40.0000,0.02,40.0593,34.2887,48.03,nan,hold
9.763,40.0000,0.02,40.0593,34.2887,48.03,nan,hold
9.775,40.0000,-0.03,40.0812,34.2887,47.99,nan,hold
9.788,40.0000,-0.05,39.9292,34.2887,48.03,nan,hold
9.803,40.0000,-0.05,39.9292,34.2939,48.03,nan,hold
9.813,40.0000,-0.05,39.9911,34.2939,48.03,nan,hold
9.825,40.0000,0.01,40.0815,34.2939,47.99,nan,hold
9.838,40.0000,0.02,39.9035,34.2939,47.99,nan,hold
9.851,40.0000,0.02,39.9035,34.2939,47.99,nan,hold
9.863,40.0000,-0.02,39.9547,34.2939,48.03,nan,hold
9.875,40.0000,-0.01,39.9875,34.2939,48.03,nan,hold
9.888,40.0000,-0.00,39.9306,34.2939,47.99,nan,hold
9.902,40.0000,-0.00,39.9306,34.2984,47.99,nan,hold
9.913,40.0000,0.02,40.1895,34.2984,47.99,nan,hold
9.925,40.0000,0.01,39.9307,34.2984,47.99,nan,hold
9.938,40.0000,0.01,39.9918,34.2984,47.99,nan,hold
9.950,40.0000,0.00,39.9412,34.2984,47.99,nan,hold
9.963,40.0000,0.00,39.9412,34.2984,47.99,nan,hold
9.975,40.0000,0.04,39.9413,34.2984,47.99,nan,hold
9.989,40.0000,-0.02,39.9601,34.2989,48.03,nan,hold
10.000,40.0000,0.05,40.0487,34.2989,48.03,nan,hold
10.015,40.0000,0.05,40.0487,34.2989,48.03,nan,hold
10.025,40.0000,-0.05,39.9411,34.2989,47.99,nan,hold
10.038,40.0000,0.05,39.9868,34.2989,47.99,nan,hold
10.050,40.0000,0.02,40.0273,34.2989,47.99,nan,hold
10.063,40.0000,0.02,40.0273,34.2989,47.99,nan,hold
10.076,40.0000,0.09,40.1208,34.3015,47.99,nan,hold
10.088,40.0000,0.06,40.0607,34.3015,48.03,nan,hold
10.100,40.0000,-0.04,40.0803,34.3015,47.99,nan,hold
10.113,40.0000,-0.04,40.0803,34.3015,47.99,nan,hold
10.125,40.0000,-0.01,39.8664,34.3015,48.03,nan,hold
10.138,40.0000,0.03,39.9468,34.3015,47.99,nan,hold
10.150,40.0000,0.01,40.0740,34.3015,48.03,nan,hold
10.163,40.0000,0.02,40.0873,34.3015,48.03,nan,hold
10.180,40.0000,0.02,40.0873,34.3093,48.03,nan,hold
10.188,40.0000,0.02,39.9149,34.3093,48.03,nan,hold
10.200,40.0000,0.01,40.0066,34.3093,48.03,nan,hold
10.213,40.0000,0.04,40.0214,34.3093,47.99,nan,hold
10.226,40.0000,0.04,40.0214,34.3093,47.99,nan,hold
10.238,40.0000,-0.00,40.0889,34.3093,47.99,nan,hold
10.250,40.0000,-0.02,39.9486,34.3093,47.99,nan,hold
10.263,40.0000,0.01,40.0083,34.3211,48.03,nan,hold
10.275,40.0000,0.01,40.0083,34.3211,48.03,nan,hold
10.288,40.0000,0.05,39.9696,34.3211,48.03,nan,hold
10.300,40.0000,0.10,39.8130,34.3211,47.99,nan,hold
10.313,40.0000,-0.06,39.9877,34.3211,47.99,nan,hold
10.325,40.0000,0.03,39.8127,34.3211,47.99,nan,hold
10.338,40.0000,0.03,39.8127,34.3211,47.99,nan,hold
10.350,40.0000,0.04,39.9870,34.3211,47.99,nan,hold
10.364,40.0000,0.03,40.0677,34.3304,47.99,nan,hold
10.375,40.0000,-0.04,39.9315,34.3304,47.99,nan,hold
10.388,40.0000,0.04,39.9122,34.3304,48.03,nan,hold
10.400,40.0000,0.04,39.9122,34.3304,48.03,nan,hold
10.413,40.0000,-0.02,40.0588,34.3304,47.99,nan,hold
10.425,40.0000,-0.05,40.0164,34.3304,47.99,nan,hold
10.438,40.0000,0.04,39.9031,34.3304,48.03,nan,hold
10.453,40.0000,0.04,39.9031,34.3345,48.03,nan,hold
10.463,40.0000,0.04,40.1776,34.3345,47.99,nan,hold
10.475,40.0000,0.00,39.9497,34.3345,47.99,nan,hold
10.488,40.0000,0.01,39.9030,34.3345,47.99,nan,hold
10.500,40.0000,0.02,39.9472,34.3345,47.99,nan,hold
10.513,40.0000,0.02,39.9472,34.3345,47.99,nan,hold
10.525,40.0000,0.02,40.0422,34.3345,47.99,nan,hold
10.539,40.0000,0.04,39.8539,34.3406,47.99,nan,hold
10.550,40.0000,-0.01,40.0179,34.3406,47.99,nan,hold
10.563,40.0000,-0.01,40.0179,34.3406,47.99,nan,hold
10.575,40.0000,-0.02,39.9472,34.3406,47.99,nan,hold
10.588,40.0000,-0.01,40.0849,34.3406,47.99,nan,hold
10.600,40.0000,0.02,39.8871,34.3406,48.03,nan,hold
10.613,40.0000,0.02,39.8871,34.3406,48.03,nan,hold
10.625,40.0000,-0.05,39.9681,34.3406,47.99,nan,hold
10.639,39.9000,0.01,40.0603,34.3523,47.99,nan,ramp_down
10.650,39.8000,0.06,39.9559,34.3523,47.99,nan,ramp_down
10.663,39.7000,0.06,39.9559,34.3523,47.99,nan,ramp_down
10.675,39.7000,0.08,39.8644,34.3523,47.99,nan,ramp_down
10.688,39.6000,0.06,39.6801,34.3523,47.99,nan,ramp_down
10.700,39.5000,0.06,39.7407,34.3523,48.03,nan,ramp_down
10.713,39.4000,0.06,39.7407,34.3523,48.03,nan,ramp_down
10.727,39.4000,0.09,39.5799,34.3634,47.99,nan,ramp_down
10.738,39.3000,0.03,39.5025,34.3634,48.03,nan,ramp_down
10.750,39.2000,-0.00,39.4228,34.3634,48.03,nan,ramp_down
10.763,39.1000,-0.00,39.4228,34.3634,48.03,nan,ramp_down
10.775,39.1000,0.01,39.2190,34.3634,48.03,nan,ramp_down
10.788,39.0000,0.02,39.1641,34.3634,47.99,nan,ramp_down
10.800,38.9000,-0.05,39.0182,34.3634,48.03,nan,ramp_down
10.816,38.8000,-0.05,39.0182,34.3355,48.03,nan,ramp_down
10.825,38.8000,0.02,38.8915,34.3355,47.99,nan,ramp_down
10.838,38.7000,0.01,38.8185,34.3355,48.03,nan,ramp_down
10.850,38.6000,-0.01,38.7150,34.3355,48.03,nan,ramp_down
10.863,38.5000,-0.01,38.7150,34.3355,48.03,nan,ramp_down
10.875,38.5000,-0.01,38.6666,34.3355,48.03,nan,ramp_down
10.888,38.4000,0.02,38.6890,34.3355,48.03,nan,ramp_down
10.900,38.3000,0.04,38.3498,34.3355,48.03,nan,ramp_down
10.914,38.2000,0.04,38.3498,34.1753,48.03,nan,ramp_down
10.925,38.2000,0.04,38.1180,34.1753,48.03,nan,ramp_down
10.938,38.1000,0.03,38.2473,34.1753,48.03,nan,ramp_down
10.950,38.0000,-0.02,38.1150,34.1753,48.03,nan,ramp_down
10.964,37.9000,-0.02,38.1150,34.1753,48.03,nan,ramp_down
10.975,37.9000,0.03,38.0104,34.1753,48.03,nan,ramp_down
10.988,37.8000,-0.01,37.9143,34.1753,48.03,nan,ramp_down
11.002,37.7000,0.04,37.8999,33.9330,48.03,nan,ramp_down
11.014,37.6000,0.04,37.8999,33.9330,48.03,nan,ramp_down
11.025,37.6000,0.02,37.7431,33.9330,48.03,nan,ramp_down
11.038,37.5000,0.00,37.5276,33.9330,48.03,nan,ramp_down
11.050,37.4000,-0.00,37.4811,33.9330,48.03,nan,ramp_down
11.063,37.3000,-0.00,37.4811,33.9330,48.03,nan,ramp_down
11.075,37.3000,0.01,37.4047,33.9330,48.03,nan,ramp_down
11.088,37.2000,0.01,37.2574,33.9330,48.06,nan,ramp_down
11.102,37.1000,0.04,37.0816,33.6836,48.06,nan,ramp_down
11.113,37.0000,-0.06,37.0900,33.6836,48.06,nan,ramp_down
11.125,37.0000,-0.06,37.0900,33.6836,48.06,nan,ramp_down
11.138,36.9000,0.01,36.9477,33.6836,48.06,nan,ramp_down
11.150,36.8000,0.03,36.9913,33.6836,48.06,nan,ramp_down
11.163,36.7000,0.05,36.8218,33.6836,48.06,nan,ramp_down
11.176,36.6000,0.05,36.8218,33.6836,48.06,nan,ramp_down
11.189,36.6000,-0.03,36.6596,33.4629,48.06,nan,ramp_down
11.200,36.5000,-0.02,36.6365,33.4629,48.06,nan,ramp_down
11.213,36.4000,0.02,36.5437,33.4629,48.06,nan,ramp_down
11.226,36.3000,0.02,36.5437,33.4629,48.06,nan,ramp_down
11.238,36.3000,-0.01,36.5481,33.4629,48.06,nan,ramp_down
11.250,36.2000,-0.00,36.3257,33.4629,48.06,nan,ramp_down
11.263,36.1000,-0.01,36.2937,33.4629,48.06,nan,ramp_down
11.279,36.0000,-0.01,36.2937,33.2607,48.06,nan,ramp_down
11.288,36.0000,0.02,36.0561,33.2607,48.06,nan,ramp_down
11.300,35.9000,-0.03,35.9772,33.2607,48.06,nan,ramp_down
11.313,35.8000,0.02,35.9896,33.2607,48.06,nan,ramp_down
11.326,35.7000,0.02,35.9896,33.2607,48.06,nan,ramp_down
11.338,35.7000,-0.00,35.8479,33.2607,48.03,nan,ramp_down
11.350,35.6000,-0.00,35.6800,33.2607,48.10,nan,ramp_down
11.363,35.5000,-0.02,35.5912,33.2607,48.06,nan,ramp_down
11.379,35.4000,-0.02,35.5912,33.0655,48.06,nan,ramp_down
11.388,35.4000,-0.00,35.6051,33.0655,48.06,nan,ramp_down
11.400,35.3000,-0.02,35.3042,33.0655,48.06,nan,ramp_down
11.413,35.2000,-0.03,35.3990,33.0655,48.06,nan,ramp_down
11.427,35.1000,-0.03,35.3990,33.0655,48.06,nan,ramp_down
11.438,35.1000,-0.04,35.1177,33.0655,48.10,nan,ramp_down
11.450,35.0000,-0.05,35.2334,33.0655,48.10,nan,ramp_down
11.464,34.9000,0.00,34.9569,32.8555,48.06,nan,ramp_down
11.476,34.8000,0.00,34.9569,32.8555,48.06,nan,ramp_down
11.488,34.8000,-0.02,34.9877,32.8555,48.10,nan,ramp_down
11.500,34.7000,-0.04,34.8103,32.8555,48.06,nan,ramp_down
11.513,34.6000,-0.07,34.6054,32.8555,48.06,nan,ramp_down
11.526,34.5000,-0.07,34.6054,32.8555,48.06,nan,ramp_down
11.538,34.5000,-0.06,34.5931,32.8555,48.06,nan,ramp_down
11.550,34.4000,-0.06,34.5819,32.8555,48.10,nan,ramp_down
11.564,34.3000,-0.08,34.2960,32.5841,48.06,nan,ramp_down
11.576,34.2000,-0.08,34.2960,32.5841,48.06,nan,ramp_down
11.588,34.2000,-0.03,34.2781,32.5841,48.10,nan,ramp_down
11.600,34.1000,-0.04,34.2038,32.5841,48.10,nan,ramp_down
11.613,34.0000,-0.08,34.0555,32.5841,48.10,nan,ramp_down
11.625,33.9000,-0.08,34.0555,32.5841,48.10,nan,ramp_down
11.638,33.9000,-0.01,34.0265,32.5841,48.10,nan,ramp_down
11.651,33.8000,-0.03,33.9091,32.1816,48.10,nan,ramp_down
11.663,33.7000,-0.00,33.9407,32.1816,48.10,nan,ramp_down
11.675,33.6000,-0.00,33.9407,32.1816,48.10,nan,ramp_down
11.688,33.6000,0.04,33.7696,32.1816,48.06,nan,ramp_down
11.700,33.5000,-0.09,33.5687,32.1816,48.10,nan,ramp_down
11.713,33.4000,-0.02,33.5905,32.1816,48.10,nan,ramp_down
11.725,33.3000,-0.02,33.5905,32.1816,48.10,nan,ramp_down
11.739,33.3000,0.02,33.3787,31.6505,48.10,nan,ramp_down
11.750,33.2000,-0.07,33.2751,31.6505,48.10,nan,ramp_down
11.763,33.1000,-0.08,33.1479,31.6505,48.10,nan,ramp_down
11.776,33.0000,-0.10,33.0806,31.6505,48.13,nan,ramp_down
11.788,33.0000,-0.10,33.0806,31.6505,48.13,nan,ramp_down
11.800,32.9000,-0.14,33.0161,31.6505,48.13,nan,ramp_down
11.813,32.8000,-0.11,32.8058,31.6505,48.13,nan,ramp_down
11.825,32.7000,-0.08,32.8145,31.6505,48.10,nan,ramp_down
11.842,32.6000,-0.08,32.8145,31.1696,48.10,nan,ramp_down
11.850,32.6000,-0.13,32.6521,31.1696,48.10,nan,ramp_down
11.863,32.5000,-0.06,32.5584,31.1696,48.10,nan,ramp_down
11.875,32.4000,-0.02,32.3997,31.1696,48.10,nan,ramp_down
11.888,32.3000,-0.02,32.3997,31.1696,48.10,nan,ramp_down
11.900,32.3000,0.01,32.3559,31.1696,48.10,nan,ramp_down
11.913,32.2000,-0.02,32.2830,31.1696,48.10,nan,ramp_down
11.927,32.1000,-0.04,32.2463,30.6898,48.13,nan,ramp_down
11.938,32.0000,-0.04,32.2463,30.6898,48.13,nan,ramp_down
11.950,32.0000,0.01,32.1959,30.6898,48.10,nan,ramp_down
11.963,31.9000,-0.01,31.9929,30.6898,48.13,nan,ramp_down
11.975,31.8000,-0.02,31.8536,30.6898,48.13,nan,ramp_down
11.988,31.7000,-0.02,31.8536,30.6898,48.13,nan,ramp_down
12.000,31.7000,0.02,31.7985,30.6898,48.13,nan,ramp_down
12.013,31.6000,0.07,31.7163,30.6898,48.13,nan,ramp_down
12.027,31.5000,-0.00,31.5271,30.0700,48.10,nan,ramp_down
12.038,31.4000,-0.00,31.5271,30.0700,48.10,nan,ramp_down
12.050,31.4000,-0.02,31.4611,30.0700,48.13,nan,ramp_down
12.063,31.3000,0.05,31.4302,30.0700,48.13,nan,ramp_down
12.075,31.2000,-0.04,31.2517,30.0700,48.13,nan,ramp_down
12.089,31.1000,0.06,31.2003,30.0700,48.13,nan,ramp_down
12.100,31.1000,0.06,31.2003,30.0700,48.13,nan,ramp_down
12.114,31.0000,0.01,31.1281,29.5977,48.13,nan,ramp_down
12.125,30.9000,0.03,30.9647,29.5977,48.13,nan,ramp_down
12.138,30.8000,0.03,30.9647,29.5977,48.13,nan,ramp_down
12.150,30.8000,0.01,30.7575,29.5977,48.13,nan,ramp_down
12.163,30.7000,-0.02,30.9226,29.5977,48.13,nan,ramp_down
12.175,30.6000,-0.03,30.6566,29.5977,48.13,nan,ramp_down
12.188,30.5000,-0.03,30.6566,29.5977,48.13,nan,ramp_down
12.202,30.4000,-0.05,30.5960,29.3200,48.13,nan,ramp_down
12.213,30.4000,-0.04,30.6040,29.3200,48.13,nan,ramp_down
12.225,30.3000,-0.06,30.4423,29.3200,48.17,nan,ramp_down
12.238,30.2000,-0.06,30.4423,29.3200,48.17,nan,ramp_down
12.250,30.2000,-0.03,30.2693,29.3200,48.13,nan,ramp_down
12.263,30.1000,-0.03,30.3303,29.3200,48.13,nan,ramp_down
12.275,30.0000,-0.06,30.1785,29.3200,48.13,nan,ramp_down
12.288,29.9000,-0.06,30.1785,29.3200,48.13,nan,ramp_down
12.301,29.9000,-0.05,29.9814,29.0849,48.13,nan,ramp_down
12.313,29.8000,-0.02,29.8653,29.0849,48.17,nan,ramp_down
12.325,29.7000,-0.08,29.8107,29.0849,48.13,nan,ramp_down
12.338,29.6000,-0.16,29.6143,29.0849,48.13,nan,ramp_down
12.350,29.5000,-0.16,29.6143,29.0849,48.13,nan,ramp_down
12.363,29.5000,-0.17,29.6428,29.0849,48.13,nan,ramp_down
12.375,29.4000,-0.04,29.4057,29.0849,48.13,nan,ramp_down
12.389,29.3000,-0.10,29.3550,28.8062,48.17,nan,ramp_down
12.401,29.2000,-0.10,29.3550,28.8062,48.17,nan,ramp_down
12.413,29.2000,-0.11,29.3367,28.8062,48.13,nan,ramp_down
12.425,29.1000,-0.06,29.1040,28.8062,48.13,nan,ramp_down
12.438,29.0000,-0.08,29.1303,28.8062,48.13,nan,ramp_down
12.451,28.9000,-0.08,29.1303,28.8062,48.13,nan,ramp_down
12.463,28.9000,-0.02,29.0488,28.8062,48.13,nan,ramp_down
12.476,28.8000,-0.02,28.8538,28.3425,48.13,nan,ramp_down
12.488,28.7000,-0.05,28.7663,28.3425,48.13,nan,ramp_down
12.500,28.6000,-0.05,28.7663,28.3425,48.13,nan,ramp_down
12.513,28.6000,-0.06,28.6927,28.3425,48.17,nan,ramp_down
12.525,28.5000,-0.03,28.3767,28.3425,48.13,nan,ramp_down
12.538,28.4000,-0.10,28.6492,28.3425,48.13,nan,ramp_down
12.550,28.3000,-0.10,28.6492,28.3425,48.13,nan,ramp_down
12.563,28.3000,-0.09,28.3403,28.3425,48.17,nan,ramp_down
12.576,28.2000,-0.05,28.2111,27.6687,48.17,nan,ramp_down
12.588,28.1000,-0.03,28.2020,27.6687,48.17,nan,ramp_down
12.601,28.0000,-0.03,28.2020,27.6687,48.17,nan,ramp_down
12.613,28.0000,-0.07,28.2552,27.6687,48.13,nan,ramp_down
12.625,27.9000,-0.11,28.1253,27.6687,48.13,nan,ramp_down
12.638,27.8000,-0.04,27.8336,27.6687,48.17,nan,ramp_down
12.650,27.7000,-0.04,27.8336,27.6687,48.17,nan,ramp_down
12.664,27.7000,-0.03,27.8008,27.1265,48.13,nan,ramp_down
12.675,27.6000,-0.07,27.6458,27.1265,48.17,nan,ramp_down
12.688,27.5000,-0.05,27.6234,27.1265,48.13,nan,ramp_down
12.701,27.4000,-0.05,27.6234,27.1265,48.13,nan,ramp_down
12.713,27.4000,0.04,27.5666,27.1265,48.13,nan,ramp_down
12.725,27.3000,-0.01,27.3390,27.1265,48.13,nan,ramp_down
12.738,27.2000,-0.02,27.2649,27.1265,48.17,nan,ramp_down
12.751,27.1000,-0.02,27.2649,27.1265,48.17,nan,ramp_down
12.764,27.1000,-0.03,27.0868,26.5857,48.13,nan,ramp_down
12.775,27.0000,0.02,27.2732,26.5857,48.13,nan,ramp_down
12.788,26.9000,-0.08,26.9388,26.5857,48.13,nan,ramp_down
12.802,26.8000,-0.08,26.9388,26.5857,48.13,nan,ramp_down
12.813,26.8000,0.01,26.8617,26.5857,48.17,nan,ramp_down
12.825,26.7000,0.02,26.7111,26.5857,48.13,nan,ramp_down
12.838,26.6000,-0.02,26.6658,26.5857,48.17,nan,ramp_down
12.853,26.5000,-0.02,26.6658,26.0683,48.17,nan,ramp_down
12.863,26.5000,-0.07,26.7032,26.0683,48.17,nan,ramp_down
12.875,26.4000,-0.06,26.4681,26.0683,48.13,nan,ramp_down
12.888,26.3000,-0.04,26.4024,26.0683,48.13,nan,ramp_down
12.901,26.2000,-0.04,26.4024,26.0683,48.13,nan,ramp_down
12.913,26.2000,-0.02,26.0617,26.0683,48.17,nan,ramp_down
12.925,26.1000,-0.02,26.3012,26.0683,48.13,nan,ramp_down
12.939,26.0000,-0.01,26.1661,25.7367,48.17,nan,ramp_down
12.951,25.9000,-0.01,26.1661,25.7367,48.17,nan,ramp_down
12.963,25.9000,-0.03,26.0734,25.7367,48.13,nan,ramp_down
12.975,25.8000,-0.05,25.8941,25.7367,48.17,nan,ramp_down
12.988,25.7000,-0.05,25.7527,25.7367,48.13,nan,ramp_down
13.000,25.6000,-0.15,25.6058,25.7367,48.17,nan,ramp_down
13.013,25.5000,-0.15,25.6058,25.7367,48.17,nan,ramp_down
13.025,25.5000,-0.18,25.5704,25.7367,48.13,nan,ramp_down
13.039,25.4000,-0.14,25.4920,25.4567,48.13,nan,ramp_down
13.050,25.3000,-0.12,25.4920,25.4567,48.13,nan,ramp_down
13.063,25.2000,-0.12,25.4920,25.4567,48.13,nan,ramp_down
13.075,25.2000,-0.08,25.1866,25.4567,48.13,nan,ramp_down
13.088,25.1000,-0.07,25.2293,25.4567,48.13,nan,ramp_down
13.100,25.0000,-0.07,25.2293,25.4567,48.13,nan,ramp_down
13.113,25.0000,-0.06,25.0807,25.4567,48.13,nan,ramp_down
13.126,24.9000,-0.03,24.9933,25.0571,48.13,nan,ramp_down
13.138,24.8000,-0.11,24.8953,25.0571,48.13,nan,ramp_down
13.151,24.7000,-0.11,24.8953,25.0571,48.13,nan,ramp_down
13.163,24.7000,-0.05,24.7298,25.0571,48.13,nan,ramp_down
13.175,24.6000,-0.07,24.6881,25.0571,48.13,nan,ramp_down
13.188,24.5000,-0.02,24.5057,25.0571,48.13,nan,ramp_down
13.200,24.4000,-0.02,24.5057,25.0571,48.13,nan,ramp_down
13.213,24.4000,-0.12,24.5690,25.0571,48.10,nan,ramp_down
13.226,24.3000,-0.07,24.2797,24.3840,48.13,nan,ramp_down
13.238,24.2000,-0.07,24.3424,24.3840,48.13,nan,ramp_down
13.251,24.1000,-0.08,24.2557,24.3840,48.10,nan,ramp_down
13.263,24.1000,-0.08,24.2557,24.3840,48.10,nan,ramp_down
13.275,24.0000,-0.08,23.9908,24.3840,48.13,nan,ramp_down
13.288,23.9000,-0.02,24.0276,24.3840,48.13,nan,ramp_down
13.301,23.8000,-0.02,24.0276,24.3840,48.13,nan,ramp_down
13.314,23.8000,-0.01,23.9660,23.7313,48.13,nan,ramp_down
13.325,23.7000,-0.05,23.7708,23.7313,48.10,nan,ramp_down
13.338,23.6000,-0.00,23.7270,23.7313,48.13,nan,ramp_down
13.350,23.5000,-0.00,23.7270,23.7313,48.13,nan,ramp_down
13.363,23.5000,-0.02,23.5398,23.7313,48.10,nan,ramp_down
13.375,23.4000,-0.05,23.5141,23.7313,48.10,nan,ramp_down
13.388,23.3000,-0.01,23.5139,23.7313,48.10,nan,ramp_down
13.402,23.2000,-0.02,23.3062,23.1714,48.13,nan,ramp_down
13.413,23.2000,-0.02,23.3062,23.1714,48.13,nan,ramp_down
13.425,23.1000,-0.02,23.1701,23.1714,48.13,nan,ramp_down
13.438,23.0000,-0.04,23.1417,23.1714,48.13,nan,ramp_down
13.450,22.9000,-0.02,22.9355,23.1714,48.13,nan,ramp_down
13.465,22.8000,-0.02,22.9355,23.1714,48.13,nan,ramp_down
13.475,22.8000,0.04,23.0290,23.1714,48.10,nan,ramp_down
13.488,22.7000,-0.06,22.7061,23.1714,48.13,nan,ramp_down
13.502,22.6000,-0.06,22.6596,22.6910,48.13,nan,ramp_down
13.513,22.6000,-0.06,22.6596,22.6910,48.13,nan,ramp_down
13.525,22.5000,-0.00,22.6912,22.6910,48.13,nan,ramp_down
13.538,22.4000,-0.02,22.4503,22.6910,48.13,nan,ramp_down
13.550,22.3000,0.01,22.2997,22.6910,48.13,nan,ramp_down
13.563,22.2000,0.01,22.2997,22.6910,48.13,nan,ramp_down
13.575,22.2000,-0.06,22.3367,22.6910,48.13,nan,ramp_down
13.589,22.1000,-0.03,22.1791,22.3841,48.13,nan,ramp_down
13.600,22.0000,-0.00,22.2136,22.3841,48.13,nan,ramp_down
13.614,21.9000,-0.00,22.2136,22.3841,48.13,nan,ramp_down
13.625,21.9000,-0.01,21.9282,22.3841,48.13,nan,ramp_down
13.638,21.8000,-0.06,21.9713,22.3841,48.10,nan,ramp_down
13.650,21.7000,-0.10,21.8169,22.3841,48.17,nan,ramp_down
13.663,21.6000,-0.10,21.8169,22.3841,48.17,nan,ramp_down
13.675,21.6000,-0.04,21.7535,22.3841,48.13,nan,ramp_down
13.689,21.5000,-0.12,21.5231,22.1401,48.13,nan,ramp_down
13.700,21.4000,-0.11,21.4784,22.1401,48.13,nan,ramp_down
13.714,21.3000,-0.11,21.4784,22.1401,48.13,nan,ramp_down
13.725,21.3000,-0.12,21.3414,22.1401,48.13,nan,ramp_down
13.738,21.2000,-0.09,21.3702,22.1401,48.13,nan,ramp_down
13.750,21.1000,-0.04,21.2052,22.1401,48.13,nan,ramp_down
13.763,21.0000,-0.04,21.2052,22.1401,48.13,nan,ramp_down
13.776,21.0000,-0.07,20.9469,21.8470,48.13,nan,ramp_down
13.788,20.9000,-0.01,20.8785,21.8470,48.13,nan,ramp_down
13.800,20.8000,-0.03,20.9036,21.8470,48.13,nan,ramp_down
13.813,20.7000,-0.03,20.9036,21.8470,48.13,nan,ramp_down
13.825,20.7000,-0.08,20.8158,21.8470,48.17,nan,ramp_down
13.838,20.6000,-0.06,20.6588,21.8470,48.13,nan,ramp_down
13.850,20.5000,-0.05,20.6068,21.8470,48.13,nan,ramp_down
13.866,20.4000,-0.05,20.6068,21.3293,48.13,nan,ramp_down
13.875,20.4000,-0.04,20.5566,21.3293,48.17,nan,ramp_down
13.888,20.3000,-0.07,20.3716,21.3293,48.17,nan,ramp_down
13.900,20.2000,-0.15,20.3434,21.3293,48.13,nan,ramp_down
13.913,20.1000,-0.15,20.3434,21.3293,48.13,nan,ramp_down
13.925,20.1000,-0.17,20.1246,21.3293,48.17,nan,ramp_down
13.938,20.0000,-0.15,19.9632,21.3293,48.13,nan,ramp_down
13.950,19.9000,-0.06,19.9202,21.3293,48.13,nan,ramp_down
13.963,19.8000,-0.01,19.9241,20.7030,48.13,nan,ramp_down
13.975,19.8000,-0.01,19.9241,20.7030,48.13,nan,ramp_down
13.988,19.7000,-0.04,19.7387,20.7030,48.17,nan,ramp_down
14.000,19.6000,-0.05,19.7036,20.7030,48.13,nan,ramp_down
14.014,19.5000,-0.05,19.7036,20.7030,48.13,nan,ramp_down
14.025,19.5000,-0.09,19.6920,20.7030,48.17,nan,ramp_down
14.038,19.4000,0.01,19.4826,20.7030,48.17,nan,ramp_down
14.052,19.3000,-0.06,19.2923,20.1456,48.13,nan,ramp_down
14.063,19.2000,-0.06,19.2923,20.1456,48.13,nan,ramp_down
14.075,19.2000,-0.01,19.2137,20.1456,48.17,nan,ramp_down
14.088,19.1000,0.02,19.2562,20.1456,48.17,nan,ramp_down
14.100,19.0000,-0.00,19.0652,20.1456,48.17,nan,ramp_down
14.113,18.9000,-0.00,19.0652,20.1456,48.17,nan,ramp_down
14.125,18.9000,-0.03,18.9521,20.1456,48.17,nan,ramp_down
14.139,18.8000,-0.02,18.9224,19.4953,48.17,nan,ramp_down
14.150,18.7000,-0.00,18.7576,19.4953,48.17,nan,ramp_down
14.163,18.6000,-0.00,18.7576,19.4953,48.17,nan,ramp_down
14.175,18.6000,-0.00,18.7184,19.4953,48.17,nan,ramp_down
14.188,18.5000,-0.00,18.5165,19.4953,48.17,nan,ramp_down
14.200,18.4000,-0.07,18.5165,19.4953,48.13,nan,ramp_down
14.213,18.3000,-0.07,18.5165,19.4953,48.13,nan,ramp_down
14.225,18.3000,-0.25,18.4516,19.4953,48.17,nan,ramp_down
14.239,18.2000,-0.31,18.2129,19.0242,48.17,nan,ramp_down
14.250,18.1000,-0.29,18.2098,19.0242,48.17,nan,ramp_down
14.264,18.0000,-0.29,18.2098,19.0242,48.17,nan,ramp_down
14.275,18.0000,-0.10,18.0135,19.0242,48.17,nan,ramp_down
14.288,17.9000,-0.15,17.8470,19.0242,48.17,nan,ramp_down
14.300,17.8000,-0.04,17.9218,19.0242,48.13,nan,ramp_down
14.313,17.7000,-0.18,17.7820,19.0242,48.17,nan,ramp_down
14.330,17.6000,-0.18,17.7820,18.6105,48.17,nan,ramp_down
14.338,17.6000,-0.12,17.6101,18.6105,48.17,nan,ramp_down
14.350,17.5000,-0.15,17.5648,18.6105,48.17,nan,ramp_down
14.363,17.4000,-0.15,17.5648,18.6105,48.17,nan,ramp_down
14.375,17.4000,-0.06,17.3999,18.6105,48.17,nan,ramp_down
14.388,17.3000,-0.13,17.3623,18.6105,48.17,nan,ramp_down
14.400,17.2000,-0.12,17.3800,18.6105,48.17,nan,ramp_down
14.413,17.1000,-0.09,17.0517,18.6105,48.17,nan,ramp_down
14.429,17.0000,-0.09,17.0517,17.8158,48.17,nan,ramp_down
14.438,17.0000,-0.13,17.1654,17.8158,48.17,nan,ramp_down
14.450,16.9000,-0.06,17.0879,17.8158,48.21,nan,ramp_down
14.463,16.8000,-0.05,16.8109,17.8158,48.21,nan,ramp_down
14.475,16.7000,-0.05,16.8109,17.8158,48.21,nan,ramp_down
14.488,16.7000,-0.09,16.7467,17.8158,48.21,nan,ramp_down
14.500,16.6000,-0.07,16.4564,17.8158,48.21,nan,ramp_down
14.514,16.5000,-0.07,16.7049,16.9094,48.17,nan,ramp_down
14.526,16.4000,-0.07,16.7049,16.9094,48.17,nan,ramp_down
14.538,16.4000,0.00,16.4700,16.9094,48.21,nan,ramp_down
14.550,16.3000,-0.05,16.3864,16.9094,48.17,nan,ramp_down
14.563,16.2000,-0.03,16.3661,16.9094,48.21,nan,ramp_down
14.575,16.1000,-0.03,16.3661,16.9094,48.21,nan,ramp_down
14.588,16.1000,-0.04,16.1951,16.9094,48.21,nan,ramp_down
14.602,16.0000,-0.12,16.0703,16.2751,48.21,nan,ramp_down
14.613,15.9000,-0.09,15.9234,16.2751,48.21,nan,ramp_down
14.626,15.8000,-0.09,15.9234,16.2751,48.21,nan,ramp_down
14.638,15.8000,-0.12,15.9882,16.2751,48.21,nan,ramp_down
14.650,15.7000,-0.15,15.8355,16.2751,48.21,nan,ramp_down
14.663,15.6000,-0.18,15.7270,16.2751,48.21,nan,ramp_down
14.676,15.5000,-0.18,15.7270,16.2751,48.21,nan,ramp_down
14.688,15.5000,-0.23,15.5798,16.2751,48.21,nan,ramp_down
14.701,15.4000,-0.07,15.5336,15.8609,48.21,nan,ramp_down
14.713,15.3000,-0.15,15.4636,15.8609,48.21,nan,ramp_down
14.727,15.2000,-0.15,15.4636,15.8609,48.21,nan,ramp_down
14.738,15.2000,-0.13,15.2665,15.8609,48.21,nan,ramp_down
14.750,15.1000,-0.06,15.2569,15.8609,48.24,nan,ramp_down
14.763,15.0000,-0.15,15.1435,15.8609,48.21,nan,ramp_down
14.776,14.9000,-0.15,15.1435,15.8609,48.21,nan,ramp_down
14.789,14.9000,-0.10,14.8865,15.3917,48.21,nan,ramp_down
14.800,14.8000,-0.14,14.8743,15.3917,48.21,nan,ramp_down
14.813,14.7000,-0.07,14.8990,15.3917,48.21,nan,ramp_down
14.825,14.6000,-0.07,14.8990,15.3917,48.21,nan,ramp_down
14.838,14.6000,-0.11,14.7893,15.3917,48.21,nan,ramp_down
14.850,14.5000,-0.02,14.6434,15.3917,48.21,nan,ramp_down
14.863,14.4000,-0.07,14.3446,15.3917,48.21,nan,ramp_down
14.875,14.3000,-0.07,14.3446,15.3917,48.21,nan,ramp_down
14.889,14.3000,-0.07,14.3922,14.7032,48.24,nan,ramp_down
14.900,14.2000,-0.09,14.3071,14.7032,48.21,nan,ramp_down
14.913,14.1000,-0.05,14.1127,14.7032,48.21,nan,ramp_down
14.926,14.0000,-0.05,14.1127,14.7032,48.21,nan,ramp_down
14.938,14.0000,-0.03,13.9932,14.7032,48.21,nan,ramp_down
14.950,13.9000,-0.07,14.0223,14.7032,48.21,nan,ramp_down
14.963,13.8000,-0.04,13.8504,14.7032,48.21,nan,ramp_down
14.977,13.7000,-0.04,13.8504,14.0634,48.21,nan,ramp_down
14.988,13.7000,-0.03,13.8083,14.0634,48.21,nan,ramp_down
15.000,13.6000,-0.04,13.4853,14.0634,48.21,nan,ramp_down
15.013,13.5000,-0.10,13.6119,14.0634,48.21,nan,ramp_down
15.026,13.4000,-0.10,13.6119,14.0634,48.21,nan,ramp_down
15.038,13.4000,-0.01,13.5391,14.0634,48.24,nan,ramp_down
15.050,13.3000,-0.16,13.4347,14.0634,48.21,nan,ramp_down
15.064,13.2000,-0.04,13.2383,13.5825,48.21,nan,ramp_down
15.076,13.1000,-0.04,13.2383,13.5825,48.21,nan,ramp_down
15.088,13.1000,-0.18,13.1710,13.5825,48.21,nan,ramp_down
15.100,13.0000,-0.15,13.0749,13.5825,48.24,nan,ramp_down
15.113,12.9000,-0.21,13.0598,13.5825,48.24,nan,ramp_down
15.126,12.8000,-0.21,13.0598,13.5825,48.24,nan,ramp_down
15.138,12.8000,-0.10,13.0093,13.5825,48.24,nan,ramp_down
15.150,12.7000,-0.01,12.8104,13.5825,48.24,nan,ramp_down
15.164,12.6000,-0.11,12.7283,13.2201,48.28,nan,ramp_down
15.175,12.5000,-0.09,12.5965,13.2201,48.24,nan,ramp_down
15.188,12.4000,-0.09,12.5965,13.2201,48.24,nan,ramp_down
15.200,12.4000,-0.06,12.5809,13.2201,48.24,nan,ramp_down
15.213,12.3000,-0.06,12.4959,13.2201,48.21,nan,ramp_down
15.225,12.2000,-0.11,12.2988,13.2201,48.21,nan,ramp_down
15.238,12.1000,-0.11,12.2988,13.2201,48.21,nan,ramp_down
15.251,12.1000,-0.03,12.1447,12.7606,48.21,nan,ramp_down
15.263,12.0000,-0.06,11.9945,12.7606,48.24,nan,ramp_down
15.275,11.9000,-0.11,12.0968,12.7606,48.24,nan,ramp_down
15.288,11.8000,-0.11,12.0968,12.7606,48.24,nan,ramp_down
15.300,11.8000,-0.17,12.0494,12.7606,48.21,nan,ramp_down
15.313,11.7000,-0.09,11.7795,12.7606,48.28,nan,ramp_down
15.325,11.6000,-0.18,11.6381,12.7606,48.21,nan,ramp_down
15.340,11.5000,-0.18,11.6381,12.2447,48.21,nan,ramp_down
15.350,11.5000,-0.17,11.5790,12.2447,48.24,nan,ramp_down
15.363,11.4000,-0.03,11.5287,12.2447,48.24,nan,ramp_down
15.375,11.3000,-0.10,11.2943,12.2447,48.28,nan,ramp_down
15.388,11.2000,-0.10,11.2943,12.2447,48.28,nan,ramp_down
15.400,11.2000,-0.10,11.3781,12.2447,48.21,nan,ramp_down
15.413,11.1000,-0.07,11.1813,12.2447,48.24,nan,ramp_down
15.425,11.0000,-0.10,10.9795,12.2447,48.24,nan,ramp_down
15.439,10.9000,-0.05,10.9782,11.8136,48.22,nan,ramp_down
15.450,10.8000,-0.05,10.9782,11.8136,48.22,nan,ramp_down
15.463,10.8000,-0.11,10.9625,11.8136,48.24,nan,ramp_down
15.475,10.7000,0.01,10.8439,11.8136,48.28,nan,ramp_down
15.488,10.6000,-0.17,10.7725,11.8136,48.24,nan,ramp_down
15.500,10.5000,-0.17,10.7725,11.8136,48.24,nan,ramp_down
15.513,10.5000,-0.05,10.6442,11.8136,48.24,nan,ramp_down
15.526,10.4000,-0.11,10.4363,11.2883,48.28,nan,ramp_down
15.538,10.3000,-0.12,10.3474,11.2883,48.24,nan,ramp_down
15.551,10.2000,-0.12,10.3474,11.2883,48.24,nan,ramp_down
15.563,10.2000,-0.25,10.4388,11.2883,48.21,nan,ramp_down
15.575,10.1000,-0.36,10.2169,11.2883,48.21,nan,ramp_down
15.588,10.0000,-0.24,9.9970,11.2883,48.24,nan,ramp_down
15.602,9.9000,-0.24,9.9970,11.2883,48.24,nan,ramp_down
15.613,9.9000,-0.12,10.0300,11.2883,48.21,nan,ramp_down
15.626,9.8000,-0.03,9.9071,10.8576,48.28,nan,ramp_down
15.638,9.7000,-0.12,9.6911,10.8576,48.24,nan,ramp_down
15.650,9.6000,-0.12,9.6911,10.8576,48.24,nan,ramp_down
15.663,9.6000,-0.14,9.7207,10.8576,48.24,nan,ramp_down
15.675,9.5000,-0.15,9.6832,10.8576,48.28,nan,ramp_down
15.688,9.4000,-0.14,9.4850,10.8576,48.24,nan,ramp_down
15.701,9.3000,-0.14,9.4850,10.8576,48.24,nan,ramp_down
15.714,9.3000,-0.11,9.5282,10.3612,48.21,nan,ramp_down
15.725,9.2000,-0.12,9.2220,10.3612,48.24,nan,ramp_down
15.738,9.1000,-0.19,9.1798,10.3612,48.28,nan,ramp_down
15.751,9.0000,-0.19,9.1798,10.3612,48.28,nan,ramp_down
15.763,9.0000,-0.16,9.1389,10.3612,48.24,nan,ramp_down
15.775,8.9000,-0.15,8.9377,10.3612,48.21,nan,ramp_down
15.788,8.8000,-0.08,8.9522,10.3612,48.24,nan,ramp_down
15.802,8.7000,-0.08,8.9522,9.6615,48.24,nan,ramp_down
15.813,8.7000,-0.11,8.7222,9.6615,48.21,nan,ramp_down
15.825,8.6000,-0.13,8.7397,9.6615,48.24,nan,ramp_down
15.838,8.5000,-0.05,8.5432,9.6615,48.21,nan,ramp_down
15.851,8.4000,-0.05,8.5432,9.6615,48.21,nan,ramp_down
15.863,8.4000,-0.08,8.5676,9.6615,48.24,nan,ramp_down
15.875,8.3000,-0.11,8.2337,9.6615,48.28,nan,ramp_down
15.888,8.2000,-0.16,8.2878,9.6615,48.24,nan,ramp_down
15.903,8.1000,-0.16,8.2878,9.0956,48.24,nan,ramp_down
15.913,8.1000,-0.24,8.2198,9.0956,48.24,nan,ramp_down
15.925,8.0000,-0.24,8.0819,9.0956,48.24,nan,ramp_down
15.938,7.9000,-0.14,8.0266,9.0956,48.24,nan,ramp_down
15.951,7.8000,-0.13,7.9431,9.0956,48.24,nan,ramp_down
15.963,7.8000,-0.13,7.9431,9.0956,48.24,nan,ramp_down
15.975,7.7000,-0.11,7.7948,9.0956,48.21,nan,ramp_down
15.989,7.6000,-0.03,7.5827,8.5237,48.24,nan,ramp_down
16.000,7.5000,-0.11,7.6113,8.5237,48.21,nan,ramp_down
16.013,7.5000,-0.11,7.6113,8.5237,48.21,nan,ramp_down
16.025,7.4000,-0.13,7.5146,8.5237,48.24,nan,ramp_down
16.038,7.3000,-0.14,7.3016,8.5237,48.21,nan,ramp_down
16.050,7.2000,-0.25,7.2195,8.5237,48.21,nan,ramp_down
16.064,7.1000,-0.25,7.2195,8.5237,48.21,nan,ramp_down
16.075,7.1000,-0.14,7.2967,8.5237,48.22,nan,ramp_down
16.089,7.0000,-0.13,6.9944,7.9249,48.24,nan,ramp_down
16.100,6.9000,-0.15,6.9510,7.9249,48.21,nan,ramp_down
16.114,6.8000,-0.15,6.9510,7.9249,48.21,nan,ramp_down
16.125,6.8000,-0.14,6.9254,7.9249,48.21,nan,ramp_down
16.138,6.7000,-0.12,6.8175,7.9249,48.21,nan,ramp_down
16.150,6.6000,-0.28,6.7768,7.9249,48.24,nan,ramp_down
16.163,6.5000,-0.28,6.7768,7.9249,48.24,nan,ramp_down
16.176,6.5000,-0.30,6.4686,7.3436,48.21,nan,ramp_down
16.188,6.4000,-0.37,6.3725,7.3436,48.21,nan,ramp_down
16.200,6.3000,-0.01,6.3957,7.3436,48.21,nan,ramp_down
16.213,6.2000,-0.01,6.3957,7.3436,48.21,nan,ramp_down
16.225,6.2000,-0.09,6.2692,7.3436,48.24,nan,ramp_down
16.238,6.1000,-0.19,6.2782,7.3436,48.24,nan,ramp_down
16.250,6.0000,-0.18,6.1480,7.3436,48.21,nan,ramp_down
16.265,5.9000,-0.18,6.1480,6.7383,48.21,nan,ramp_down
16.275,5.9000,-0.29,6.0042,6.7383,48.24,nan,ramp_down
16.288,5.8000,-0.34,5.9834,6.7383,48.21,nan,ramp_down
16.300,5.7000,-0.36,5.8691,6.7383,48.21,nan,ramp_down
16.313,5.6000,0.01,5.5924,6.7383,48.24,nan,ramp_down
16.325,5.6000,0.01,5.5924,6.7383,48.24,nan,ramp_down
16.338,5.5000,-0.15,5.4841,6.7383,48.24,nan,ramp_down
16.350,5.4000,-0.07,5.5021,6.7383,48.21,nan,ramp_down
16.364,5.3000,-0.09,5.4244,6.0255,48.21,nan,ramp_down
16.375,5.2000,-0.09,5.4244,6.0255,48.21,nan,ramp_down
16.388,5.2000,-0.15,5.2702,6.0255,48.21,nan,ramp_down
16.400,5.1000,-0.10,5.3024,6.0255,48.24,nan,ramp_down
16.413,5.0000,-0.26,5.0548,6.0255,48.21,nan,ramp_down
16.425,4.9000,-0.26,5.0548,6.0255,48.21,nan,ramp_down
16.438,4.9000,-0.41,5.0303,6.0255,48.21,nan,ramp_down
16.451,4.8000,-0.31,5.0074,5.3907,48.22,nan,ramp_down
16.463,4.7000,-0.07,4.8519,5.3907,48.28,nan,ramp_down
16.475,4.6000,-0.07,4.8519,5.3907,48.28,nan,ramp_down
16.488,4.6000,-0.19,4.8904,5.3907,48.24,nan,ramp_down
16.500,4.5000,-0.19,4.5173,5.3907,48.28,nan,ramp_down
16.513,4.4000,-0.06,4.4820,5.3907,48.24,nan,ramp_down
16.526,4.3000,-0.06,4.4820,5.3907,48.24,nan,ramp_down
16.538,4.3000,-0.09,4.3915,5.3907,48.24,nan,ramp_down
16.551,4.2000,-0.31,4.3501,4.8904,48.24,nan,ramp_down
16.563,4.1000,-0.42,4.1086,4.8904,48.28,nan,ramp_down
16.576,4.0000,-0.42,4.1086,4.8904,48.28,nan,ramp_down
16.588,4.0000,-0.44,4.1093,4.8904,48.24,nan,ramp_down
16.600,3.9000,-0.07,4.0316,4.8904,48.24,nan,ramp_down
16.613,3.8000,-0.21,3.6941,4.8904,48.24,nan,ramp_down
16.625,3.7000,-0.21,3.6941,4.8904,48.24,nan,ramp_down
16.639,3.7000,-0.09,3.8852,4.3833,48.28,nan,ramp_down
16.650,3.6000,-0.13,3.7617,4.3833,48.24,nan,ramp_down
16.663,3.5000,-0.23,3.6248,4.3833,48.24,nan,ramp_down
16.676,3.4000,-0.23,3.6248,4.3833,48.24,nan,ramp_down
16.688,3.4000,-0.33,3.6387,4.3833,48.24,nan,ramp_down
16.700,3.3000,-0.67,3.3874,4.3833,48.28,nan,ramp_down
16.713,3.2000,-0.32,3.3654,4.3833,48.28,nan,ramp_down
16.728,3.1000,-0.32,3.3654,3.8927,48.28,nan,ramp_down
16.738,3.1000,-0.48,3.2086,3.8927,48.24,nan,ramp_down
16.750,3.0000,-0.47,3.0910,3.8927,48.24,nan,ramp_down
16.763,2.9000,-0.11,3.0987,3.8927,48.24,nan,ramp_down
16.775,2.8000,-0.11,3.0987,3.8927,48.24,nan,ramp_down
16.788,2.8000,-0.19,2.8778,3.8927,48.24,nan,ramp_down
16.800,2.7000,-0.21,2.8776,3.8927,48.28,nan,ramp_down
16.813,2.6000,-0.22,2.7255,3.8927,48.24,nan,ramp_down
16.828,2.5000,-0.22,2.7255,3.3803,48.24,nan,ramp_down
16.838,2.5000,-0.25,2.5747,3.3803,48.28,nan,ramp_down
16.850,2.4000,-0.17,2.4403,3.3803,48.24,nan,ramp_down
16.863,2.3000,-0.18,2.4235,3.3803,48.28,nan,ramp_down
16.875,2.2000,-0.18,2.4235,3.3803,48.28,nan,ramp_down
16.888,2.2000,-0.20,2.2569,3.3803,48.28,nan,ramp_down
16.900,2.1000,-0.15,2.2256,3.3803,48.22,nan,ramp_down
16.914,2.0000,-0.34,2.1802,2.8092,48.24,nan,ramp_down
16.926,1.9000,-0.34,2.1802,2.8092,48.24,nan,ramp_down
16.938,1.9000,-0.60,1.9397,2.8092,48.24,nan,ramp_down
16.950,1.8000,-0.28,1.7393,2.8092,48.24,nan,ramp_down
16.963,1.7000,-0.12,1.8041,2.8092,48.28,nan,ramp_down
16.975,1.6000,-0.22,1.7551,2.8092,48.24,nan,ramp_down
16.988,1.6000,-0.22,1.7551,2.8092,48.24,nan,ramp_down
17.001,1.5000,-0.27,1.6124,2.4160,48.28,nan,ramp_down
17.013,1.4000,-0.59,1.5915,2.4160,48.24,nan,ramp_down
17.025,1.3000,-0.36,1.4215,2.4160,48.24,nan,ramp_down
17.038,1.3000,-0.36,1.4215,2.4160,48.24,nan,ramp_down
17.050,1.2000,-0.03,1.4206,2.4160,48.24,nan,ramp_down
17.063,1.1000,-0.12,1.2076,2.4160,48.24,nan,ramp_down
17.076,1.0000,-0.12,1.2076,2.4160,48.24,nan,ramp_down
17.088,1.0000,-0.07,1.0176,2.4160,48.24,nan,ramp_down
17.101,0.9000,-0.10,0.9308,2.1249,48.24,nan,ramp_down
17.113,0.8000,-0.29,0.9153,2.1249,48.24,nan,ramp_down
17.126,0.7000,-0.29,0.9153,2.1249,48.24,nan,ramp_down
17.138,0.7000,-0.68,0.8054,2.1249,48.24,nan,ramp_down
17.150,0.6000,-0.56,0.7337,2.1249,48.28,nan,ramp_down
17.163,0.5000,-0.11,0.6338,2.1249,48.21,nan,ramp_down
17.175,0.4000,-0.11,0.6338,2.1249,48.21,nan,ramp_down
17.189,0.4000,-0.33,0.6243,1.9504,48.24,nan,ramp_down
17.200,0.3000,-1.21,0.2968,1.9504,48.28,nan,ramp_down
17.213,0.2000,-2.40,0.2533,1.9504,48.24,nan,ramp_down
17.225,0.1000,-2.40,0.2533,1.9504,48.24,nan,ramp_down
17.238,0.1000,-3.26,0.0210,1.9504,48.28,nan,ramp_down
17.250,0.0000,-1.78,0.0474,1.9504,48.28,nan,ramp_down
17.263,0.0000,-0.01,0.0294,1.9504,48.28,nan,ramp_down
17.275,0.0000,-0.01,0.0294,1.9504,48.28,nan,ramp_down
17.289,0.0000,-0.01,0.0294,1.7536,48.28,nan,ramp_down
17.300,0.0000,-0.01,0.0294,1.7536,48.28,nan,ramp_down
17.313,0.0000,-0.01,0.0294,1.7536,48.28,nan,ramp_down
17.325,0.0000,-0.01,0.0294,1.7536,48.28,nan,ramp_down
17.338,0.0000,-0.01,0.0294,1.7536,48.28,nan,ramp_down
17.350,0.0000,-0.01,0.0294,1.7536,48.28,nan,ramp_down
17.363,0.0000,-0.01,0.0294,1.7536,48.28,nan,ramp_down
17.376,0.0000,-0.01,0.0294,1.3104,48.28,nan,ramp_down
17.388,0.0000,-0.01,0.0294,1.3104,48.28,nan,ramp_down
17.400,0.0000,-0.01,0.0294,1.3104,48.28,nan,ramp_down
17.413,0.0000,-0.01,0.0294,1.3104,48.28,nan,ramp_down
17.425,0.0000,-0.01,0.0294,1.3104,48.28,nan,ramp_down
17.438,0.0000,-0.01,0.0294,1.3104,48.28,nan,ramp_down
17.450,0.0000,-0.01,0.0294,1.3104,48.28,nan,ramp_down
17.464,0.0000,-0.01,0.0294,0.9591,48.28,nan,ramp_down
17.475,0.0000,-0.01,0.0294,0.9591,48.28,nan,ramp_down
17.488,0.0000,-0.01,0.0294,0.9591,48.28,nan,ramp_down
17.500,0.0000,-0.01,0.0294,0.9591,48.28,nan,ramp_down
17.513,0.0000,-0.01,0.0294,0.9591,48.28,nan,ramp_down
17.525,0.0000,-0.01,0.0294,0.9591,48.28,nan,ramp_down
17.538,0.0000,-0.01,0.0294,0.9591,48.28,nan,ramp_down
17.550,0.0000,-0.01,0.0294,0.9591,48.28,nan,ramp_down
17.564,0.0000,-0.01,0.0294,0.9710,48.28,nan,ramp_down
17.575,0.0000,-0.01,0.0294,0.9710,48.28,nan,ramp_down
17.588,0.0000,-0.01,0.0294,0.9710,48.28,nan,ramp_down
17.600,0.0000,-0.01,0.0294,0.9710,48.28,nan,ramp_down
17.613,0.0000,-0.01,0.0294,0.9710,48.28,nan,ramp_down
17.625,0.0000,-0.01,0.0294,0.9710,48.28,nan,ramp_down
17.638,0.0000,-0.01,0.0294,0.9710,48.28,nan,ramp_down
17.652,0.0000,-0.01,0.0294,0.9982,48.28,nan,ramp_down
17.663,0.0000,-0.01,0.0294,0.9982,48.28,nan,ramp_down
17.675,0.0000,-0.01,0.0294,0.9982,48.28,nan,ramp_down
17.688,0.0000,-0.01,0.0294,0.9982,48.28,nan,ramp_down
17.700,0.0000,-0.01,0.0294,0.9982,48.28,nan,ramp_down
17.713,0.0000,-0.01,0.0294,0.9982,48.28,nan,ramp_down
17.725,0.0000,-0.01,0.0294,0.9982,48.28,nan,ramp_down
17.738,0.0000,-0.01,0.0294,0.9982,48.28,nan,ramp_down
17.752,0.0000,-0.01,0.0294,1.0083,48.28,nan,ramp_down
17.763,0.0000,-0.01,0.0294,1.0083,48.28,nan,ramp_down
