time_s,load_velocity,load_torque,test_velocity,test_torque,loadcell_torque_nm,cmd_torque_nm,load_voltage,test_voltage,test_q_A,kp,kd
0.02,0.00,-0.91,0.02,0.01,-0.02,0.00,48.60,49.07,0.011,nan,nan
0.06,0.00,-0.91,0.02,0.01,-0.02,0.00,48.60,49.07,0.011,nan,nan
0.10,0.00,-0.91,0.02,0.01,-0.01,0.00,48.60,49.07,0.011,nan,nan
0.14,0.00,-0.91,0.02,0.01,-0.01,0.00,48.60,49.07,0.011,nan,nan
0.18,0.00,-0.91,0.02,0.01,-0.01,0.00,48.60,49.07,0.011,nan,nan
0.22,0.00,-0.91,0.02,0.01,-0.01,0.00,48.70,49.07,0.011,nan,nan
0.26,0.00,-0.91,0.02,0.01,-0.01,0.00,48.70,49.07,0.011,nan,nan
0.30,0.00,-0.91,0.02,0.01,-0.01,0.00,48.70,49.07,0.011,nan,nan
0.34,0.00,-0.91,0.02,0.01,-0.01,0.00,48.50,49.07,0.011,nan,nan
0.38,0.00,-0.91,0.02,0.01,-0.01,0.00,48.50,49.07,0.011,nan,nan
0.42,0.00,-0.91,0.02,0.01,-0.01,0.00,48.50,49.07,0.011,nan,nan
0.46,0.00,-0.91,0.02,0.01,-0.01,0.00,48.60,49.07,0.011,nan,nan
0.50,0.00,-0.91,0.02,0.01,-0.01,0.03,48.60,49.07,0.011,nan,nan
0.54,0.00,-0.96,-0.01,0.00,-0.01,0.09,48.60,49.07,-0.951,nan,nan
0.58,0.00,-1.03,0.01,0.16,-0.01,0.19,48.60,49.05,0.185,nan,nan
0.62,-0.33,-1.18,0.03,0.10,-0.02,0.25,48.60,49.05,0.117,nan,nan
0.66,-0.50,-1.49,0.09,0.21,-0.06,0.31,48.60,49.07,0.236,nan,nan
0.70,-0.50,-1.63,0.29,0.29,-0.16,0.41,48.60,49.05,0.324,nan,nan
0.74,-1.00,-1.82,1.85,0.36,-0.28,0.47,48.60,49.03,0.409,nan,nan
0.78,-1.00,-1.25,1.04,0.31,-0.34,0.56,48.60,49.09,0.347,nan,nan
0.82,-1.33,-0.26,7.58,0.56,-0.29,0.62,48.50,49.05,0.638,nan,nan
0.86,-1.83,0.14,6.52,0.77,-0.09,0.72,48.50,49.09,0.866,nan,nan
0.90,-1.00,-0.86,0.78,0.75,0.22,0.78,48.50,49.03,0.843,nan,nan
0.94,-2.00,-0.19,0.03,0.71,0.35,0.84,48.50,49.05,0.804,nan,nan
0.98,-2.00,-0.67,0.13,0.76,0.21,0.94,48.50,49.07,0.865,nan,nan
1.02,-2.17,-0.31,0.76,0.85,0.08,1.00,48.60,49.03,0.962,nan,nan
1.06,-2.50,-1.08,6.13,0.37,0.06,1.06,48.60,49.05,0.424,nan,nan
1.10,-3.17,0.14,12.11,1.17,0.13,1.16,48.60,49.07,1.327,nan,nan
1.14,-1.67,-0.89,1.00,0.97,0.56,1.22,48.60,49.07,1.097,nan,nan
1.18,-2.83,-0.14,3.86,1.22,0.82,1.31,48.50,49.07,1.383,nan,nan
1.22,-4.00,1.44,3.47,1.54,0.72,1.38,48.50,49.09,1.746,nan,nan
1.26,-2.50,-0.86,1.77,1.16,0.76,1.47,48.50,49.07,1.307,nan,nan
1.30,-4.33,1.32,4.52,1.77,0.77,1.53,48.50,49.03,1.998,nan,nan
1.34,-3.17,-0.72,1.66,1.36,0.88,1.59,48.50,49.07,1.540,nan,nan
1.38,-4.33,0.65,8.46,1.87,0.93,1.69,48.50,49.03,2.114,nan,nan
1.42,-3.83,-0.17,1.63,1.53,0.98,1.75,48.50,49.09,1.736,nan,nan
1.46,-4.83,1.58,10.21,1.81,1.05,1.81,48.50,49.05,2.045,nan,nan
1.50,-4.17,0.89,0.41,1.80,1.10,1.91,48.60,49.05,2.039,nan,nan
1.54,-5.33,1.63,6.86,2.25,1.17,1.97,48.60,49.05,2.549,nan,nan
1.58,-5.00,1.13,5.69,2.24,1.30,2.06,48.60,49.03,2.532,nan,nan
1.62,-5.00,0.41,7.40,2.04,1.47,2.12,48.60,49.07,2.310,nan,nan
1.66,-5.50,1.51,3.57,2.35,1.43,2.19,48.60,49.07,2.664,nan,nan
1.70,-4.83,0.12,4.41,1.54,1.46,2.28,48.60,49.09,1.745,nan,nan
1.74,-6.17,2.35,2.21,2.45,1.50,2.34,48.60,49.05,2.770,nan,nan
1.78,-4.33,-1.06,5.93,2.24,1.71,2.44,48.60,49.05,2.536,nan,nan
1.82,-5.83,1.66,3.61,2.01,1.69,2.50,48.60,49.03,2.221,nan,nan
1.86,-6.17,1.92,4.15,2.28,1.87,2.56,48.50,49.09,2.575,nan,nan
1.90,-6.67,1.87,9.95,2.36,2.02,2.66,48.50,49.05,2.675,nan,nan
1.94,-6.83,1.61,7.40,2.61,2.06,2.72,48.50,49.05,2.957,nan,nan
1.98,-6.50,0.86,8.41,2.76,2.13,2.78,48.50,49.03,3.128,nan,nan
2.02,-6.33,1.13,4.83,2.32,2.19,2.88,48.60,49.07,2.622,nan,nan
2.06,-6.83,1.32,8.17,2.68,2.26,2.94,48.60,49.07,3.031,nan,nan
2.10,-6.83,1.49,5.97,2.33,2.33,3.03,48.60,49.07,2.631,nan,nan
2.14,-7.50,1.80,10.42,3.15,2.42,3.09,48.50,49.07,3.561,nan,nan
2.18,-7.00,1.27,7.16,2.99,2.49,3.16,48.50,49.07,3.379,nan,nan
2.22,-7.33,1.80,6.85,2.61,2.55,3.25,48.50,49.07,2.951,nan,nan
2.26,-7.83,1.70,10.90,2.69,2.63,3.31,48.60,49.05,3.049,nan,nan
2.30,-8.00,2.23,10.49,3.02,2.70,3.38,48.60,49.05,3.422,nan,nan
2.34,-7.83,1.37,10.46,3.01,2.80,3.47,48.60,49.05,3.406,nan,nan
2.38,-8.83,3.17,8.19,3.66,2.89,3.53,48.60,49.05,4.143,nan,nan
2.42,-9.17,3.00,8.27,3.60,2.96,3.63,48.60,49.07,4.077,nan,nan
2.46,-9.33,3.50,8.97,3.96,3.00,3.69,48.60,49.07,4.480,nan,nan
2.50,-8.50,1.73,9.96,4.10,3.06,3.75,48.60,49.05,4.635,nan,nan
2.54,-8.67,2.33,10.39,4.09,3.06,3.84,48.60,49.03,4.627,nan,nan
2.58,-9.83,3.12,9.84,3.44,3.09,3.91,48.60,49.09,3.896,nan,nan
2.62,-9.83,3.07,9.10,4.71,3.14,3.97,48.60,49.05,5.335,nan,nan
2.66,-10.33,3.55,9.52,4.10,3.21,4.06,48.60,49.07,4.638,nan,nan
2.70,-10.50,3.98,10.19,4.25,3.29,4.12,48.60,49.05,4.807,nan,nan
2.74,-10.50,3.17,8.94,4.25,3.33,4.22,48.60,49.03,4.812,nan,nan
2.78,-10.17,2.64,10.75,4.18,3.37,4.28,48.60,49.05,4.734,nan,nan
2.82,-11.00,3.53,10.23,4.48,3.43,4.34,48.60,49.05,5.073,nan,nan
2.86,-10.83,2.93,10.72,3.88,3.49,4.44,48.60,49.03,4.394,nan,nan
2.90,-11.33,3.55,10.66,4.61,3.53,4.50,48.60,49.05,5.214,nan,nan
2.94,-11.17,3.22,11.73,4.69,3.59,4.59,48.60,49.09,5.309,nan,nan
2.98,-11.67,3.67,11.67,4.10,3.66,4.66,48.50,49.05,4.643,nan,nan
3.02,-11.67,3.94,11.35,4.31,3.72,4.72,48.50,49.01,4.883,nan,nan
3.06,-11.17,2.90,12.87,5.26,3.79,4.81,48.50,49.03,5.954,nan,nan
3.10,-11.33,2.71,12.73,4.54,3.86,4.88,48.50,49.03,5.137,nan,nan
3.14,-12.17,4.01,11.95,4.95,3.93,4.94,48.50,49.03,5.602,nan,nan
3.18,-12.67,4.46,12.24,4.25,4.01,5.03,48.50,49.05,4.809,nan,nan
3.22,-12.83,4.27,12.84,5.57,4.11,5.09,48.50,49.01,6.302,nan,nan
3.26,-12.33,3.74,12.61,4.46,4.19,5.19,48.50,49.05,5.041,nan,nan
3.30,-13.00,4.01,12.55,5.61,4.25,5.25,48.60,49.05,6.346,nan,nan
3.34,-13.33,4.87,13.23,5.65,4.32,5.31,48.60,49.05,6.399,nan,nan
3.38,-13.00,4.32,13.24,5.88,4.38,5.41,48.60,49.03,6.654,nan,nan
3.42,-13.67,4.78,13.08,4.18,4.45,5.47,48.50,49.03,4.725,nan,nan
3.46,-13.67,4.46,14.39,4.50,4.53,5.53,48.50,49.03,5.094,nan,nan
3.50,-14.17,5.02,13.61,4.85,4.60,5.62,48.50,49.03,5.493,nan,nan
3.54,-14.17,5.33,14.72,5.84,4.68,5.69,48.50,49.03,6.614,nan,nan
3.58,-14.00,4.18,14.33,6.46,4.76,5.78,48.50,49.07,7.307,nan,nan
3.62,-13.83,4.06,14.92,6.43,4.83,5.84,48.50,49.05,7.277,nan,nan
3.66,-14.50,4.82,14.21,6.75,4.91,5.91,48.60,49.03,7.638,nan,nan
3.70,-14.83,5.28,15.84,6.14,4.98,6.00,48.60,49.03,6.946,nan,nan
3.74,-14.83,4.73,15.30,5.25,5.06,6.06,48.60,49.05,6.144,nan,nan
3.78,-15.33,5.54,14.94,5.75,5.15,6.16,48.60,49.03,6.502,nan,nan
3.82,-15.50,5.35,15.49,5.74,5.21,6.22,48.60,49.01,6.495,nan,nan
3.86,-15.00,4.46,15.64,6.85,5.24,6.28,48.60,49.07,7.747,nan,nan
3.90,-16.00,5.78,15.72,5.67,5.28,6.38,48.60,49.05,6.413,nan,nan
3.94,-16.00,5.59,15.86,6.60,5.38,6.44,48.60,49.05,7.465,nan,nan
3.98,-15.83,5.14,15.85,7.01,5.48,6.50,48.60,49.03,7.927,nan,nan
4.02,-16.00,5.78,16.25,6.80,5.56,6.59,48.60,49.01,7.691,nan,nan
4.06,-16.50,5.23,16.43,6.89,5.64,6.66,48.50,49.01,7.800,nan,nan
4.10,-16.67,5.40,17.48,6.43,5.71,6.75,48.50,49.03,7.275,nan,nan
4.14,-16.83,5.62,16.53,5.86,5.78,6.81,48.60,49.03,6.636,nan,nan
4.18,-16.50,5.30,17.22,5.57,5.84,6.88,48.60,49.03,6.305,nan,nan
4.22,-17.33,6.36,17.16,6.50,5.92,6.97,48.60,49.01,7.354,nan,nan
4.26,-17.33,6.43,17.04,6.23,6.00,7.03,48.50,49.05,7.053,nan,nan
4.30,-17.83,6.55,17.83,5.96,6.08,7.13,48.50,49.01,6.742,nan,nan
4.34,-17.50,5.95,18.30,7.02,6.17,7.19,48.50,49.03,7.940,nan,nan
4.38,-17.83,5.74,17.98,6.62,6.26,7.25,48.50,49.00,7.493,nan,nan
4.42,-17.83,6.26,18.01,6.80,6.33,7.34,48.50,49.00,7.699,nan,nan
4.46,-18.33,6.67,18.34,6.56,6.39,7.41,48.50,49.03,7.422,nan,nan
4.50,-18.33,5.62,18.08,6.84,6.46,7.47,48.50,49.00,7.742,nan,nan
4.54,-18.67,6.26,18.86,7.40,6.55,7.56,48.50,49.03,8.368,nan,nan
4.58,-19.17,7.82,18.36,8.25,6.64,7.62,48.50,49.03,9.331,nan,nan
4.62,-19.33,7.20,19.38,7.79,6.70,7.72,48.50,49.05,8.819,nan,nan
4.66,-19.00,6.79,18.87,7.78,6.77,7.78,48.60,49.03,8.800,nan,nan
4.70,-19.17,6.53,19.58,8.92,6.86,7.84,48.60,49.00,10.091,nan,nan
4.74,-19.83,7.63,20.01,8.54,6.94,7.94,48.50,49.01,9.668,nan,nan
4.78,-19.67,6.94,19.88,8.67,7.02,8.00,48.50,49.00,9.810,nan,nan
4.82,-20.33,7.90,19.80,9.08,7.09,8.06,48.50,49.05,10.279,nan,nan
4.86,-20.33,7.13,20.11,7.51,7.15,8.16,48.50,49.03,8.498,nan,nan
4.90,-19.83,6.53,20.06,8.72,7.23,8.22,48.60,49.03,9.869,nan,nan
4.94,-20.33,6.62,20.80,7.61,7.30,8.31,48.60,49.01,8.616,nan,nan
4.98,-21.17,8.04,20.17,8.72,7.38,8.38,48.60,49.00,9.868,nan,nan
5.02,-21.00,7.70,21.55,8.28,7.46,8.44,48.60,49.01,9.378,nan,nan
5.06,-20.67,7.18,21.33,8.46,7.53,8.53,48.60,49.01,9.571,nan,nan
5.10,-21.00,7.27,20.82,9.55,7.58,8.59,48.60,49.00,10.802,nan,nan
5.14,-21.50,7.92,21.51,7.59,7.66,8.69,48.60,49.01,8.592,nan,nan
5.18,-21.67,8.02,20.87,9.88,7.75,8.75,48.60,49.01,11.182,nan,nan
5.22,-21.83,8.28,21.74,8.56,7.84,8.81,48.60,49.00,9.682,nan,nan
5.26,-22.33,9.22,21.48,9.12,7.90,8.91,48.60,49.03,10.318,nan,nan
5.30,-22.50,8.86,22.30,8.33,7.94,8.97,48.60,49.00,9.426,nan,nan
5.34,-22.67,8.14,21.77,7.66,8.02,9.03,48.60,49.01,8.667,nan,nan
5.38,-22.83,8.16,22.60,8.04,8.12,9.12,48.50,49.01,9.101,nan,nan
5.42,-22.33,7.49,23.41,10.00,8.21,9.19,48.50,49.03,11.319,nan,nan
5.46,-22.50,7.51,23.00,10.21,8.27,9.28,48.50,49.03,11.552,nan,nan
5.50,-23.33,9.10,23.36,8.56,8.34,9.34,48.60,48.98,9.690,nan,nan
5.54,-23.50,9.60,22.57,8.33,8.42,9.44,48.60,48.98,9.429,nan,nan
5.58,-23.17,9.19,23.25,8.12,8.50,9.50,48.60,49.03,9.187,nan,nan
5.62,-23.50,7.97,23.90,10.45,8.57,9.56,48.50,49.00,11.822,nan,nan
5.66,-23.83,8.95,23.83,10.50,8.62,9.66,48.50,49.03,11.881,nan,nan
5.70,-23.83,8.93,25.27,10.81,8.68,9.72,48.50,49.00,12.234,nan,nan
5.74,-24.17,10.01,23.96,8.92,8.77,9.78,48.50,49.01,10.089,nan,nan
5.78,-24.67,9.34,24.75,10.09,8.87,9.88,48.50,49.00,11.421,nan,nan
5.82,-25.00,9.79,25.21,10.67,8.95,9.94,48.50,49.00,12.073,nan,nan
5.86,-24.50,9.07,24.57,8.66,9.00,10.03,48.50,49.00,9.801,nan,nan
5.90,-24.83,9.31,24.98,9.94,9.07,10.09,48.50,49.00,11.249,nan,nan
5.94,-24.83,9.07,26.06,9.38,9.16,10.16,48.50,49.01,10.609,nan,nan
5.98,-25.17,8.64,24.90,11.49,9.24,10.25,48.60,48.98,13.007,nan,nan
6.02,-25.83,10.10,25.53,8.79,9.30,10.31,48.60,49.00,9.947,nan,nan
6.06,-26.00,9.50,25.93,10.83,9.37,10.38,48.60,49.00,12.252,nan,nan
6.10,-25.50,9.67,25.59,9.65,9.45,10.47,48.60,49.01,10.924,nan,nan
6.14,-26.00,9.43,25.95,11.81,9.55,10.53,48.60,48.96,13.364,nan,nan
6.18,-25.83,9.24,25.96,9.57,9.62,10.62,48.60,48.98,10.833,nan,nan
6.22,-26.67,10.10,26.28,9.40,9.70,10.69,48.60,49.00,10.638,nan,nan
6.26,-26.83,10.06,27.21,10.85,9.76,10.78,48.60,49.00,12.273,nan,nan
6.30,-26.83,10.20,26.70,10.99,9.81,10.84,48.60,49.00,12.440,nan,nan
6.34,-26.67,10.01,26.96,11.57,9.90,10.91,48.60,48.98,13.092,nan,nan
6.38,-27.00,10.10,26.93,10.81,9.97,11.00,48.60,49.00,12.229,nan,nan
6.42,-27.50,10.32,28.15,10.31,10.04,11.06,48.50,49.01,11.664,nan,nan
6.46,-27.50,9.98,27.92,9.91,10.12,11.12,48.50,49.00,11.211,nan,nan
6.50,-28.17,11.38,27.59,10.22,10.20,11.22,48.50,48.98,11.562,nan,nan
6.54,-27.83,10.73,27.59,12.34,10.28,11.28,48.50,48.94,14.065,nan,nan
6.58,-27.67,10.56,28.58,11.85,10.39,11.34,48.50,48.98,13.404,nan,nan
6.62,-28.17,10.39,28.35,12.25,10.45,11.44,48.50,49.00,13.859,nan,nan
6.66,-28.67,11.09,27.91,10.86,10.51,11.50,48.50,48.96,12.290,nan,nan
6.70,-28.83,11.42,28.73,11.73,10.58,11.59,48.50,48.96,13.272,nan,nan
6.74,-28.67,10.94,29.68,11.63,10.66,11.66,48.50,49.01,13.160,nan,nan
6.78,-28.83,10.94,28.69,12.71,10.73,11.72,48.50,48.96,14.494,nan,nan
6.82,-28.83,10.49,29.17,11.17,10.81,11.81,48.60,49.00,12.635,nan,nan
6.86,-29.00,10.61,29.94,12.56,10.88,11.88,48.60,49.00,14.215,nan,nan
6.90,-29.83,11.52,30.13,12.01,10.94,11.97,48.60,48.98,13.587,nan,nan
6.94,-29.83,11.26,30.21,11.18,11.00,12.03,48.50,48.94,12.616,nan,nan
6.98,-29.83,11.11,30.04,13.05,11.08,12.09,48.50,49.01,14.768,nan,nan
7.02,-30.33,11.21,30.13,13.10,11.15,12.19,48.50,48.92,14.828,nan,nan
7.06,-30.67,12.31,29.93,13.13,11.22,12.25,48.60,48.96,14.854,nan,nan
7.10,-30.83,11.59,31.28,12.44,11.28,12.31,48.60,48.96,14.071,nan,nan
7.14,-30.50,10.39,29.80,11.05,11.37,12.41,48.60,48.98,12.507,nan,nan
7.18,-31.00,11.93,30.99,13.70,11.47,12.47,48.60,48.92,15.503,nan,nan
7.22,-31.00,12.02,30.92,13.01,11.55,12.53,48.60,48.94,14.719,nan,nan
7.26,-31.00,12.02,31.26,11.43,11.63,12.62,48.60,48.94,12.931,nan,nan
7.30,-31.17,11.76,32.39,13.16,11.73,12.69,48.50,48.98,14.894,nan,nan
7.34,-31.67,12.60,31.35,12.63,11.81,12.78,48.50,48.98,14.297,nan,nan
7.38,-31.67,12.34,31.35,11.85,11.88,12.84,48.50,48.94,13.412,nan,nan
7.42,-32.00,11.90,32.19,12.27,11.95,12.91,48.50,48.94,13.884,nan,nan
7.46,-32.00,12.24,31.91,11.69,11.99,13.00,48.50,48.92,13.232,nan,nan
7.50,-32.67,12.70,32.78,11.64,12.04,13.06,48.50,49.00,13.174,nan,nan
7.54,-32.50,12.62,32.44,12.59,12.10,13.16,48.50,48.96,14.242,nan,nan
7.58,-32.83,13.25,33.23,13.09,12.21,13.22,48.50,48.96,14.811,nan,nan
7.62,-33.00,13.22,32.56,11.88,12.30,13.28,48.50,48.94,13.439,nan,nan
7.66,-33.33,13.68,33.08,14.81,12.37,13.38,48.50,49.01,16.753,nan,nan
7.70,-33.17,13.20,33.46,12.72,12.45,13.44,48.50,48.92,14.394,nan,nan
7.74,-33.67,12.65,32.79,14.49,12.50,13.50,48.50,48.92,16.397,nan,nan
7.78,-33.83,13.42,33.91,13.03,12.54,13.59,48.40,48.98,14.748,nan,nan
7.82,-33.83,13.10,34.29,12.70,12.65,13.66,48.40,48.92,14.366,nan,nan
7.86,-34.17,13.32,34.76,12.06,12.78,13.72,48.40,49.00,13.652,nan,nan
7.90,-34.17,13.44,33.88,13.24,12.85,13.81,48.40,48.92,14.985,nan,nan
7.94,-34.67,13.58,35.14,12.91,12.88,13.88,48.40,48.98,14.605,nan,nan
7.98,-34.00,13.06,34.29,13.96,12.96,13.94,48.40,48.98,15.796,nan,nan
8.02,-35.17,14.45,34.55,13.10,13.00,14.03,48.50,48.94,14.823,nan,nan
8.06,-35.17,14.18,35.81,12.83,13.04,14.09,48.50,48.94,14.523,nan,nan
8.10,-35.17,13.66,34.91,12.18,13.13,14.19,48.50,48.94,13.782,nan,nan
8.14,-35.00,13.22,34.88,14.83,13.24,14.25,48.60,48.91,16.782,nan,nan
8.18,-35.83,14.93,35.77,14.41,13.31,14.31,48.60,48.91,16.310,nan,nan
8.22,-36.00,14.40,35.14,13.34,13.39,14.41,48.60,48.92,15.094,nan,nan
8.26,-35.83,13.92,36.11,12.76,13.48,14.47,48.70,49.01,14.437,nan,nan
8.30,-36.17,13.99,36.68,13.83,13.54,14.56,48.70,49.00,15.392,nan,nan
8.34,-36.00,13.97,36.54,15.94,13.60,14.62,48.70,48.98,18.034,nan,nan
8.38,-36.33,14.28,36.64,15.22,13.70,14.69,48.50,49.00,17.227,nan,nan
8.42,-36.83,15.00,37.19,14.80,13.80,14.78,48.50,48.98,16.747,nan,nan
8.46,-36.67,13.73,36.95,15.47,13.85,14.84,48.50,49.00,17.500,nan,nan
8.50,-37.17,14.35,37.38,13.89,13.92,14.91,48.60,48.94,15.716,nan,nan
8.54,-36.83,13.66,37.25,13.65,14.01,15.00,48.60,48.92,15.448,nan,nan
8.58,-37.67,15.02,37.85,16.66,14.07,15.06,48.60,48.89,18.857,nan,nan
8.62,-37.83,15.07,36.52,16.30,14.15,15.16,48.60,48.94,18.445,nan,nan
8.66,-37.67,14.52,39.16,14.36,14.24,15.22,48.60,48.92,16.244,nan,nan
8.70,-37.83,14.28,37.09,14.64,14.32,15.28,48.70,48.87,16.561,nan,nan
8.74,-38.17,15.22,38.51,15.67,14.40,15.38,48.70,48.94,17.736,nan,nan
8.78,-38.33,15.17,38.21,16.96,14.50,15.44,48.70,48.87,19.188,nan,nan
8.82,-38.33,15.26,38.21,14.27,14.57,15.53,48.70,48.91,16.145,nan,nan
8.86,-38.33,15.26,39.16,15.33,14.63,15.59,48.60,48.98,17.346,nan,nan
8.90,-39.00,15.26,39.21,16.37,14.69,15.66,48.60,48.89,18.520,nan,nan
8.94,-39.00,15.19,38.96,15.02,14.75,15.75,48.60,48.91,16.995,nan,nan
8.98,-39.00,14.71,39.61,15.08,14.84,15.81,48.50,48.83,17.062,nan,nan
9.02,-39.50,15.38,40.16,15.51,14.92,15.88,48.50,48.89,17.556,nan,nan
9.06,-39.67,15.84,39.49,16.13,15.00,15.97,48.50,48.98,18.256,nan,nan
9.10,-40.33,15.86,40.44,14.30,15.05,16.03,48.60,48.94,16.183,nan,nan
9.14,-39.83,15.05,39.73,17.20,15.10,16.12,48.60,48.87,19.459,nan,nan
9.18,-40.33,16.08,40.34,15.83,15.17,16.19,48.60,48.98,17.917,nan,nan
9.22,-40.50,15.67,40.90,17.85,15.28,16.25,48.70,49.00,20.195,nan,nan
9.26,-40.67,15.77,39.65,17.46,15.38,16.34,48.70,48.87,19.755,nan,nan
9.30,-41.00,16.18,40.38,15.13,15.44,16.41,48.50,48.85,17.118,nan,nan
9.34,-40.83,15.50,41.06,15.55,15.50,16.50,48.50,48.92,17.592,nan,nan
9.38,-41.50,16.25,40.90,16.83,15.54,16.56,48.50,48.83,19.043,nan,nan
9.42,-41.17,16.20,41.30,16.19,15.66,16.62,48.50,48.98,18.325,nan,nan
9.46,-42.17,18.00,41.65,14.67,15.77,16.72,48.50,48.91,16.734,nan,nan
9.50,-41.67,16.85,42.61,18.44,15.86,16.78,48.50,48.87,20.869,nan,nan
9.54,-41.67,16.32,41.14,16.64,15.92,16.84,48.50,49.00,18.831,nan,nan
9.58,-42.00,16.58,42.76,14.91,15.96,16.94,48.60,48.94,16.869,nan,nan
9.62,-42.00,16.18,42.58,16.51,16.01,17.00,48.60,48.94,18.679,nan,nan
9.66,-42.50,18.29,42.06,16.76,16.11,17.09,48.60,48.94,18.964,nan,nan
9.70,-42.67,16.78,43.24,15.72,16.17,17.16,48.50,48.96,17.790,nan,nan
9.74,-42.83,17.69,42.36,18.19,16.22,17.22,48.50,48.85,20.583,nan,nan
9.78,-42.83,16.32,43.29,19.36,16.29,17.31,48.50,48.89,21.905,nan,nan
9.82,-42.83,16.22,43.73,16.13,16.38,17.38,48.50,48.87,18.254,nan,nan
9.86,-43.17,17.06,43.02,16.74,16.46,17.44,48.50,48.92,18.943,nan,nan
9.90,-43.33,16.90,43.02,19.38,16.56,17.53,48.50,48.83,21.935,nan,nan
9.94,-44.00,17.57,43.74,18.29,16.65,17.59,48.50,48.89,20.698,nan,nan
9.98,-44.17,18.24,44.36,18.61,16.72,17.66,48.50,48.91,21.059,nan,nan
10.02,-44.00,17.78,44.63,17.13,16.77,17.75,48.50,48.87,19.388,nan,nan
10.06,-43.83,17.35,43.83,17.93,16.84,17.81,48.50,48.82,20.584,nan,nan
10.10,-44.33,16.92,44.60,16.11,16.92,17.88,48.50,48.91,18.229,nan,nan
10.14,-44.50,17.98,44.14,20.22,16.98,17.97,48.50,48.83,22.877,nan,nan
10.18,-45.33,17.83,45.12,19.10,17.04,18.03,48.60,48.87,21.609,nan,nan
10.22,-44.83,18.24,45.72,17.18,17.13,18.09,48.60,48.83,19.443,nan,nan
10.26,-44.83,18.00,44.28,18.04,17.20,18.19,48.60,48.82,20.419,nan,nan
10.30,-45.33,18.12,45.41,20.40,17.26,18.25,48.60,48.82,23.088,nan,nan
10.34,-45.67,18.84,45.11,16.34,17.32,18.34,48.60,48.83,18.493,nan,nan
10.38,-45.67,18.10,45.93,17.50,17.41,18.41,48.50,48.83,19.806,nan,nan
10.42,-45.67,17.47,46.21,19.24,17.51,18.47,48.50,48.87,21.767,nan,nan
10.46,-45.83,18.82,46.15,18.02,17.57,18.56,48.50,48.85,20.392,nan,nan
10.50,-46.17,18.70,46.12,20.47,17.61,18.63,48.60,48.80,23.160,nan,nan
10.54,-46.67,18.84,46.90,21.06,17.65,18.72,48.60,48.83,23.832,nan,nan
10.58,-46.50,19.06,46.98,17.49,17.75,18.78,48.60,48.80,19.790,nan,nan
10.62,-47.00,19.39,46.15,20.80,17.85,18.84,48.60,48.78,23.540,nan,nan
10.66,-47.17,19.10,47.33,19.90,17.93,18.94,48.50,48.83,22.520,nan,nan
10.70,-47.17,18.70,46.90,16.49,18.00,19.00,48.50,48.96,18.661,nan,nan
10.74,-47.50,19.37,47.35,17.59,18.07,19.09,48.50,48.80,19.900,nan,nan
10.78,-47.83,19.15,47.85,19.47,18.20,19.16,48.60,48.98,22.029,nan,nan
10.82,-47.83,19.25,48.17,21.54,18.29,19.22,48.60,48.74,24.379,nan,nan
10.86,-48.00,19.13,47.91,17.73,18.32,19.31,48.60,48.89,20.061,nan,nan
10.90,-48.33,19.08,48.49,18.77,18.34,19.38,48.40,48.83,21.241,nan,nan
10.94,-48.17,19.39,49.21,20.31,18.41,19.44,48.40,48.87,22.987,nan,nan
10.98,-48.50,20.06,47.69,21.93,18.50,19.53,48.40,48.76,24.817,nan,nan
11.02,-48.83,20.54,49.12,17.50,18.58,19.59,48.60,48.87,19.797,nan,nan
11.06,-49.00,18.91,48.06,20.54,18.65,19.69,48.60,48.94,23.241,nan,nan
11.10,-49.33,19.99,49.11,18.72,18.74,19.75,48.60,48.85,21.181,nan,nan
11.14,-49.33,20.30,49.36,21.49,18.80,19.84,48.60,48.82,24.314,nan,nan
11.18,-49.50,20.64,49.28,19.48,18.90,19.91,48.60,48.82,22.039,nan,nan
11.22,-50.00,21.19,50.49,17.63,18.98,19.97,48.60,48.92,19.947,nan,nan
11.26,-49.83,19.97,49.66,19.69,19.05,20.00,48.70,48.83,22.282,nan,nan
11.30,-50.00,20.42,50.19,20.54,19.14,20.00,48.70,48.91,23.246,nan,nan
11.34,-49.67,19.30,49.53,20.82,19.20,20.00,48.70,48.71,23.556,nan,nan
11.38,-49.50,19.27,49.55,22.32,19.22,20.00,48.50,48.76,25.255,nan,nan
11.42,-49.83,20.45,50.81,21.33,19.22,20.00,48.50,48.82,24.139,nan,nan
11.46,-50.00,20.95,49.97,17.12,19.24,20.00,48.50,48.94,19.368,nan,nan
11.50,-50.33,20.54,50.28,19.76,19.25,20.00,48.50,48.82,22.355,nan,nan
11.54,-49.83,21.00,49.89,18.21,19.22,20.00,48.50,48.94,20.611,nan,nan
11.58,-49.83,20.11,49.49,22.62,19.20,20.00,48.40,48.71,25.598,nan,nan
11.62,-49.67,19.34,50.88,21.67,19.22,20.00,48.40,48.82,24.525,nan,nan
11.66,-49.83,20.33,49.08,20.23,19.24,20.00,48.40,48.71,22.886,nan,nan
11.70,-49.83,19.54,49.40,22.39,19.23,20.00,48.60,48.74,25.336,nan,nan
11.74,-49.67,19.94,49.90,18.80,19.21,20.00,48.60,48.82,21.542,nan,nan
11.78,-49.50,20.54,50.00,20.72,19.20,20.00,48.60,48.83,23.444,nan,nan
11.82,-49.50,19.49,49.08,22.38,19.23,20.00,48.60,48.73,25.325,nan,nan
11.86,-50.33,21.02,49.52,19.64,19.25,20.00,48.70,48.76,22.219,nan,nan
11.90,-50.17,20.93,50.14,18.86,19.23,20.00,48.70,48.94,21.344,nan,nan
11.94,-49.67,19.97,49.53,22.55,19.20,20.00,48.70,48.74,25.518,nan,nan
11.98,-49.83,19.34,49.23,22.07,19.22,20.00,48.60,48.78,24.971,nan,nan
12.02,-49.50,20.04,50.48,21.21,19.26,20.00,48.60,48.83,24.006,nan,nan
12.06,-49.67,19.54,49.65,21.44,19.26,20.00,48.70,48.82,24.259,nan,nan
12.10,-50.33,20.76,49.89,17.84,19.25,20.00,48.70,48.82,20.185,nan,nan
12.14,-50.17,20.64,50.06,18.54,19.23,20.00,48.70,48.82,20.977,nan,nan
12.18,-50.00,20.69,49.95,17.47,19.23,20.00,48.60,48.96,19.766,nan,nan
12.22,-50.00,20.35,50.15,18.44,19.23,20.00,48.60,48.85,20.866,nan,nan
12.26,-49.67,19.34,49.20,20.38,19.23,20.00,48.60,48.76,23.058,nan,nan
12.30,-49.83,19.99,50.15,19.40,19.24,20.00,48.60,48.73,21.948,nan,nan
12.34,-49.67,20.09,49.48,18.44,19.25,20.00,48.60,48.87,20.866,nan,nan
12.38,-49.83,20.76,49.41,19.99,19.25,20.00,48.60,48.83,22.615,nan,nan
12.42,-50.00,20.14,50.29,18.24,19.27,20.00,48.60,48.83,20.635,nan,nan
12.46,-50.00,20.14,49.22,22.32,19.27,20.00,48.50,48.73,25.256,nan,nan
12.50,-49.83,20.18,50.44,21.93,19.27,20.00,48.50,48.80,24.568,nan,nan
12.54,-50.00,20.14,48.66,20.71,19.24,20.00,48.50,48.73,23.432,nan,nan
12.58,-49.83,20.06,50.48,22.47,19.22,20.00,48.50,48.71,25.425,nan,nan
12.62,-49.67,19.44,49.80,21.83,19.20,20.00,48.50,48.82,24.704,nan,nan
12.66,-49.83,20.52,49.54,21.70,19.22,20.00,48.50,48.92,24.551,nan,nan
12.70,-49.83,20.52,50.26,22.51,19.23,20.00,48.50,48.82,25.471,nan,nan
12.74,-49.50,19.49,49.86,21.16,19.20,20.00,48.50,48.83,23.946,nan,nan
12.78,-50.00,20.71,49.78,18.32,19.21,20.00,48.50,48.92,20.733,nan,nan
12.82,-49.67,19.63,49.26,18.78,19.26,20.00,48.50,48.74,21.278,nan,nan
12.86,-50.17,20.54,48.53,17.86,19.27,20.00,48.50,48.89,20.215,nan,nan
12.90,-49.83,20.71,50.41,20.49,19.21,20.00,48.50,48.96,23.186,nan,nan
12.94,-49.83,20.04,49.20,22.78,19.17,20.00,48.60,48.78,25.774,nan,nan
12.98,-50.17,20.62,50.28,17.81,19.18,20.00,48.60,48.89,20.157,nan,nan
13.02,-50.00,20.88,49.68,20.56,19.21,20.00,48.60,48.91,23.270,nan,nan
13.06,-49.67,20.28,49.17,22.39,19.20,20.00,48.50,48.71,25.337,nan,nan
13.10,-49.67,19.61,50.73,20.41,19.20,20.00,48.50,48.89,23.094,nan,nan
13.14,-49.83,19.80,49.23,21.98,19.22,20.00,48.50,48.69,24.871,nan,nan
13.18,-49.83,19.99,49.72,21.06,19.26,20.00,48.60,48.80,23.830,nan,nan
13.22,-49.67,19.90,49.65,21.87,19.28,20.00,48.60,48.73,24.750,nan,nan
13.26,-49.67,19.10,50.21,21.32,19.26,20.00,48.60,48.82,24.127,nan,nan
13.30,-50.17,20.93,50.03,20.08,19.23,20.00,48.50,48.94,22.720,nan,nan
13.34,-50.33,21.22,50.11,19.84,19.21,20.00,48.50,48.85,22.447,nan,nan
13.38,-50.00,19.73,50.20,21.06,19.21,20.00,48.50,48.83,23.828,nan,nan
13.42,-50.00,20.62,49.59,21.97,19.22,20.00,48.50,48.76,24.862,nan,nan
13.46,-49.83,20.04,49.29,20.66,19.23,20.00,48.50,48.91,23.376,nan,nan
13.50,-50.33,21.12,50.30,17.36,19.24,20.00,48.50,48.80,19.647,nan,nan
13.54,-50.33,21.10,48.81,19.59,19.21,20.00,48.50,48.83,22.165,nan,nan
13.58,-50.17,20.42,49.99,18.41,19.21,20.00,48.50,48.92,20.828,nan,nan
13.62,-49.83,19.80,49.75,17.37,19.21,20.00,48.40,48.80,19.650,nan,nan
13.66,-49.83,20.71,49.78,18.62,19.22,20.00,48.40,48.85,21.067,nan,nan
13.70,-50.00,20.38,49.77,18.92,19.23,20.00,48.40,48.82,21.406,nan,nan
13.74,-50.00,20.78,49.73,17.82,19.23,20.00,48.40,48.89,20.167,nan,nan
13.78,-49.83,20.14,50.52,20.37,19.23,20.00,48.60,48.85,23.047,nan,nan
13.82,-50.00,20.57,49.83,21.14,19.24,20.00,48.60,48.83,23.925,nan,nan
13.86,-49.67,21.41,49.68,19.05,19.26,20.00,48.50,48.78,21.559,nan,nan
13.90,-50.17,20.38,49.54,21.44,19.24,20.00,48.50,48.80,24.262,nan,nan
13.94,-50.33,20.78,50.37,19.29,19.19,20.00,48.50,48.94,21.834,nan,nan
13.98,-50.17,20.38,49.06,22.84,19.19,20.00,48.50,48.80,25.840,nan,nan
14.02,-49.83,19.99,49.42,19.17,19.24,20.00,48.60,48.85,21.687,nan,nan
14.06,-50.33,20.02,49.77,20.87,19.25,20.00,48.60,48.92,23.616,nan,nan
14.10,-50.00,19.80,50.21,20.98,19.21,20.00,48.50,48.91,23.738,nan,nan
14.14,-50.00,20.14,49.18,22.22,19.20,20.00,48.50,48.74,25.147,nan,nan
14.18,-49.83,20.50,50.09,20.25,19.21,20.00,48.50,48.87,22.911,nan,nan
14.22,-50.00,20.45,49.06,16.83,19.23,20.00,48.50,48.83,19.169,nan,nan
14.26,-50.17,20.11,50.29,21.04,19.22,20.00,48.50,48.82,23.813,nan,nan
14.30,-50.33,20.52,49.98,21.34,19.22,20.00,48.50,48.83,24.148,nan,nan
14.34,-50.00,20.78,50.36,18.59,19.22,20.00,48.50,48.82,21.038,nan,nan
14.38,-50.00,20.40,49.79,16.95,19.24,20.00,48.60,48.92,19.185,nan,nan
14.42,-50.00,20.88,49.56,18.93,19.27,20.00,48.60,48.78,21.423,nan,nan
14.46,-50.00,19.70,50.33,21.85,19.26,20.00,48.60,48.78,24.726,nan,nan
14.50,-49.83,19.37,49.05,19.96,19.25,20.00,48.50,48.73,22.591,nan,nan
14.54,-50.33,20.93,50.33,22.97,19.23,20.00,48.50,48.76,25.989,nan,nan
14.58,-49.83,20.18,48.99,21.95,19.21,20.00,48.50,48.83,24.837,nan,nan
14.62,-50.33,21.26,50.75,19.55,19.19,20.00,48.50,48.94,22.126,nan,nan
14.66,-49.67,20.28,48.84,22.10,19.21,20.00,48.50,48.80,25.119,nan,nan
14.70,-50.17,20.78,50.02,19.18,19.22,20.00,48.50,48.94,21.707,nan,nan
14.74,-50.00,19.90,49.55,18.11,19.22,20.00,48.70,48.76,20.491,nan,nan
14.78,-50.17,20.40,49.38,21.57,19.21,20.00,48.70,48.83,24.409,nan,nan
14.82,-50.17,20.40,50.07,22.34,19.24,20.00,48.70,48.73,25.276,nan,nan
14.86,-49.67,19.80,49.13,21.37,19.25,20.00,48.40,48.82,24.180,nan,nan
14.90,-50.17,20.88,49.69,22.13,19.23,20.00,48.40,48.73,25.043,nan,nan
14.94,-50.17,20.88,49.73,19.33,19.19,20.00,48.40,48.80,21.879,nan,nan
14.98,-49.83,20.57,50.09,16.91,19.18,20.00,48.50,48.89,19.133,nan,nan
15.02,-49.67,20.04,50.37,18.11,19.20,20.00,48.50,48.85,20.489,nan,nan
15.06,-49.67,19.44,50.38,20.38,19.22,20.00,48.50,48.82,23.065,nan,nan
15.10,-50.00,20.47,49.24,17.83,19.21,20.00,48.50,48.76,20.172,nan,nan
15.14,-50.17,19.94,51.08,20.93,19.19,20.00,48.50,48.89,23.689,nan,nan
15.18,-49.83,21.65,49.38,18.15,19.22,20.00,48.30,48.78,20.538,nan,nan
15.22,-49.83,18.96,50.41,18.89,19.27,20.00,48.30,48.82,21.377,nan,nan
15.26,-49.50,19.56,49.30,17.06,19.26,20.00,48.30,48.92,19.304,nan,nan
15.30,-49.83,20.30,49.72,22.48,19.21,20.00,48.60,48.78,25.442,nan,nan
15.34,-49.67,19.94,49.64,20.94,19.20,20.00,48.60,48.85,23.699,nan,nan
15.38,-50.00,20.35,49.15,18.26,19.20,20.00,48.60,48.76,20.658,nan,nan
15.42,-50.17,21.05,50.18,18.83,19.21,20.00,48.60,48.82,21.311,nan,nan
15.46,-49.67,20.47,49.34,19.57,19.22,20.00,48.40,48.92,22.144,nan,nan
15.50,-49.83,19.46,49.14,22.64,19.23,20.00,48.40,48.82,25.623,nan,nan
15.54,-49.83,19.87,50.27,17.71,19.23,20.00,48.40,48.91,20.045,nan,nan
15.58,-50.00,19.82,50.18,17.58,19.23,20.00,48.40,48.87,19.893,nan,nan
15.62,-50.33,20.35,50.40,19.72,19.23,20.00,48.40,48.78,22.313,nan,nan
15.66,-50.00,21.14,50.06,18.21,19.22,20.00,48.40,48.89,20.605,nan,nan
15.70,-50.17,20.47,49.79,18.03,19.22,20.00,48.70,48.80,20.402,nan,nan
15.74,-49.83,20.47,50.31,20.43,19.20,20.00,48.70,48.82,23.122,nan,nan
15.78,-50.00,21.07,48.77,18.50,19.19,20.00,48.70,48.83,20.935,nan,nan
15.82,-49.83,20.21,50.23,21.03,19.21,20.00,48.50,48.83,23.800,nan,nan
15.86,-50.00,19.75,49.21,20.81,19.23,20.00,48.50,48.78,23.553,nan,nan
15.90,-49.83,20.90,50.25,20.30,19.24,20.00,48.40,48.82,22.974,nan,nan
15.94,-50.17,19.61,49.76,17.57,19.20,20.00,48.40,48.80,19.886,nan,nan
15.98,-50.00,20.42,50.02,18.60,19.19,20.00,48.40,48.83,20.994,nan,nan
16.02,-49.83,20.09,50.76,19.66,19.24,20.00,48.40,48.92,22.247,nan,nan
16.06,-49.67,20.06,49.14,17.61,19.26,20.00,48.40,48.87,19.922,nan,nan
16.10,-50.00,20.62,49.34,19.63,19.24,20.00,48.40,48.74,22.214,nan,nan
16.14,-50.17,21.00,49.66,19.63,19.21,20.00,48.40,48.82,22.211,nan,nan
16.18,-50.00,19.70,49.75,21.93,19.21,20.00,48.50,48.78,24.818,nan,nan
16.22,-49.83,19.68,49.33,21.24,19.23,20.00,48.50,48.71,24.034,nan,nan
16.26,-50.00,20.09,49.46,20.71,19.22,20.00,48.50,48.80,23.439,nan,nan
16.30,-50.00,19.63,50.33,16.59,19.17,20.00,48.50,48.98,18.773,nan,nan
16.34,-50.17,19.56,49.92,19.74,19.15,20.00,48.50,48.82,22.341,nan,nan
16.38,-50.00,19.97,49.67,18.35,19.19,20.00,48.50,48.76,20.764,nan,nan
16.42,-49.83,20.52,50.36,21.80,19.24,20.00,48.50,48.78,24.670,nan,nan
16.46,-49.67,19.94,48.82,20.83,19.25,20.00,48.50,48.89,23.576,nan,nan
16.50,-50.17,20.59,50.19,17.04,19.23,20.00,48.50,48.91,19.285,nan,nan
16.54,-49.83,18.98,48.81,19.00,19.23,20.00,48.50,48.87,21.499,nan,nan
16.58,-49.83,20.59,50.26,20.68,19.24,20.00,48.50,48.92,23.403,nan,nan
16.62,-50.17,20.42,50.03,16.92,19.22,19.94,48.50,48.92,19.151,nan,nan
16.66,-50.17,20.66,49.48,20.28,19.20,19.84,48.40,48.82,22.944,nan,nan
16.70,-49.50,19.99,50.29,21.67,19.21,19.78,48.40,48.91,24.520,nan,nan
16.74,-49.00,19.82,48.89,22.32,19.16,19.72,48.60,48.74,25.253,nan,nan
16.78,-49.50,20.14,49.59,21.72,19.10,19.62,48.60,48.80,24.576,nan,nan
16.82,-48.83,20.16,49.81,20.95,19.07,19.56,48.60,48.92,23.709,nan,nan
16.86,-48.83,19.85,48.53,22.00,19.00,19.50,48.60,48.76,24.891,nan,nan
16.90,-49.00,20.09,47.73,18.72,18.93,19.41,48.50,48.82,21.188,nan,nan
16.94,-48.67,19.68,48.33,18.95,18.81,19.34,48.50,48.82,21.440,nan,nan
16.98,-48.33,19.34,47.84,17.69,18.71,19.25,48.40,48.92,20.016,nan,nan
17.02,-48.33,19.34,48.15,20.35,18.65,19.19,48.40,48.94,23.026,nan,nan
17.06,-48.00,20.50,46.80,21.51,18.62,19.12,48.40,48.73,24.340,nan,nan
17.10,-47.83,19.32,47.46,17.07,18.55,19.03,48.40,48.91,19.316,nan,nan
17.14,-47.67,19.37,46.94,21.34,18.45,18.97,48.50,48.82,24.147,nan,nan
17.18,-47.17,18.72,47.96,19.61,18.37,18.91,48.50,48.82,22.190,nan,nan
17.22,-46.83,19.22,46.89,18.76,18.33,18.81,48.50,48.83,21.232,nan,nan
17.26,-47.33,19.51,46.81,20.65,18.27,18.75,48.60,48.87,23.371,nan,nan
17.30,-46.83,19.13,45.88,17.36,18.18,18.66,48.60,48.89,19.640,nan,nan
17.34,-46.83,19.13,45.45,21.03,18.07,18.59,48.60,48.78,23.798,nan,nan
17.38,-46.50,19.51,46.46,19.04,17.98,18.53,48.50,48.85,21.542,nan,nan
17.42,-46.33,19.39,46.37,18.16,17.91,18.44,48.50,48.87,20.547,nan,nan
17.46,-45.67,18.29,46.11,16.86,17.86,18.38,48.50,48.89,19.082,nan,nan
17.50,-45.50,17.98,45.30,16.82,17.79,18.31,48.50,48.89,19.030,nan,nan
17.54,-45.50,18.36,45.56,16.35,17.69,18.22,48.50,48.87,18.496,nan,nan
17.58,-45.67,17.90,45.61,17.66,17.62,18.16,48.60,48.83,19.985,nan,nan
17.62,-45.33,17.81,44.66,18.22,17.58,18.09,48.60,48.83,20.623,nan,nan
17.66,-45.00,17.59,45.17,18.36,17.53,18.00,48.60,48.83,20.774,nan,nan
17.70,-44.50,17.18,45.19,17.23,17.43,17.94,48.60,48.92,19.499,nan,nan
17.74,-44.67,17.78,44.67,19.02,17.32,17.84,48.60,48.98,21.525,nan,nan
17.78,-44.67,16.68,44.38,17.15,17.25,17.78,48.60,48.82,19.408,nan,nan
17.82,-44.33,17.95,43.30,19.54,17.17,17.72,48.60,48.78,22.110,nan,nan
17.86,-43.83,16.70,44.36,15.39,17.07,17.62,48.50,49.00,17.412,nan,nan
17.90,-44.00,17.33,43.51,18.43,17.02,17.56,48.50,48.76,20.857,nan,nan
17.94,-44.17,17.59,43.31,15.39,16.97,17.47,48.50,48.96,17.416,nan,nan
17.98,-43.33,16.37,43.17,19.32,16.94,17.41,48.70,48.82,21.866,nan,nan
18.02,-43.67,17.47,43.88,15.97,16.84,17.34,48.70,48.85,18.074,nan,nan
18.06,-43.33,17.54,43.06,17.88,16.76,17.25,48.70,48.98,20.233,nan,nan
18.10,-43.00,17.38,42.79,17.55,16.71,17.19,48.60,48.98,19.864,nan,nan
18.14,-43.00,17.28,43.00,17.54,16.64,17.12,48.60,48.83,19.845,nan,nan
18.18,-42.83,17.23,42.93,14.96,16.58,17.03,48.60,48.92,16.933,nan,nan
18.22,-42.67,16.85,43.18,16.05,16.50,16.97,48.50,48.89,18.166,nan,nan
18.26,-42.17,16.58,41.45,18.21,16.39,16.88,48.50,48.83,20.610,nan,nan
18.30,-42.00,17.02,41.42,17.44,16.31,16.81,48.50,48.82,19.731,nan,nan
18.34,-42.00,16.70,41.56,17.32,16.25,16.75,48.70,49.00,19.600,nan,nan
18.38,-41.83,16.44,42.07,18.94,16.19,16.66,48.70,48.89,21.432,nan,nan
18.42,-41.67,16.03,41.58,15.00,16.13,16.59,48.50,48.87,16.975,nan,nan
18.46,-40.83,15.79,41.23,16.39,16.02,16.53,48.50,48.87,18.551,nan,nan
18.50,-41.17,16.22,41.82,16.26,15.92,16.44,48.50,48.85,18.405,nan,nan
18.54,-41.17,16.70,41.22,14.59,15.86,16.38,48.60,48.98,16.514,nan,nan
18.58,-41.00,16.63,41.06,14.54,15.83,16.31,48.60,48.96,16.450,nan,nan
18.62,-40.83,16.68,40.58,14.81,15.77,16.22,48.60,48.94,16.762,nan,nan
18.66,-40.67,16.68,40.45,18.17,15.69,16.16,48.60,48.98,20.562,nan,nan
18.70,-40.50,16.30,39.58,16.53,15.62,16.06,48.60,48.83,18.701,nan,nan
18.74,-40.17,16.15,39.90,16.47,15.52,16.00,48.60,48.89,18.636,nan,nan
18.78,-39.83,15.00,39.58,16.73,15.47,15.94,48.60,48.85,18.926,nan,nan
18.82,-39.67,15.14,39.39,15.46,15.40,15.84,48.60,48.91,17.497,nan,nan
18.86,-39.50,15.48,39.31,14.00,15.31,15.78,48.60,48.89,15.848,nan,nan
18.90,-39.33,15.05,39.20,15.87,15.21,15.69,48.60,48.92,17.956,nan,nan
18.94,-39.33,15.74,38.90,16.41,15.11,15.62,48.40,49.01,18.572,nan,nan
18.98,-39.17,15.22,38.43,17.38,15.02,15.56,48.40,48.91,19.669,nan,nan
19.02,-38.83,15.38,39.01,16.10,14.96,15.47,48.40,48.89,18.213,nan,nan
19.06,-38.50,15.10,38.13,15.05,14.90,15.41,48.60,48.94,16.914,nan,nan
19.10,-38.33,15.34,38.32,16.04,14.85,15.34,48.60,48.89,18.155,nan,nan
19.14,-38.33,15.70,38.51,15.79,14.78,15.25,48.60,49.00,17.869,nan,nan
19.18,-38.00,15.12,37.65,14.34,14.70,15.19,48.60,48.89,16.224,nan,nan
19.22,-38.17,15.55,37.75,17.07,14.65,15.12,48.60,48.89,19.312,nan,nan
19.26,-37.50,14.64,37.20,13.69,14.57,15.03,48.60,48.96,15.486,nan,nan
19.30,-37.50,14.93,37.01,14.00,14.47,14.97,48.60,48.92,15.839,nan,nan
19.34,-37.00,13.94,37.42,16.28,14.39,14.91,48.60,48.92,18.419,nan,nan
19.38,-37.00,14.04,36.88,16.06,14.33,14.81,48.60,48.89,18.169,nan,nan
19.42,-37.17,14.64,36.49,15.15,14.27,14.75,48.60,49.00,17.139,nan,nan
19.46,-37.00,14.35,36.66,12.87,14.20,14.69,48.60,48.96,14.569,nan,nan
19.50,-36.83,14.76,36.30,14.87,14.10,14.59,48.60,48.98,16.830,nan,nan
19.54,-36.17,13.58,36.19,13.19,13.99,14.53,48.60,48.91,14.924,nan,nan
19.58,-36.50,14.66,36.37,12.70,13.95,14.44,48.60,49.00,14.376,nan,nan
19.62,-36.33,14.40,35.83,15.41,13.92,14.38,48.50,49.01,17.439,nan,nan
19.66,-35.83,15.07,35.81,14.78,13.84,14.31,48.50,48.96,16.726,nan,nan
19.70,-36.00,13.97,36.05,14.14,13.77,14.22,48.50,48.96,16.004,nan,nan
19.74,-35.50,13.56,35.29,14.03,13.69,14.16,48.40,48.92,15.872,nan,nan
19.78,-35.33,13.68,34.63,15.62,13.57,14.06,48.40,48.89,17.673,nan,nan
19.82,-34.67,13.54,35.21,12.73,13.47,14.00,48.40,48.92,14.400,nan,nan
19.86,-34.83,14.18,35.18,15.62,13.40,13.91,48.40,49.00,17.673,nan,nan
19.90,-34.83,13.75,34.83,13.27,13.34,13.84,48.60,48.92,15.010,nan,nan
19.94,-34.67,13.54,34.26,14.98,13.28,13.78,48.60,48.96,16.954,nan,nan
19.98,-34.17,12.58,33.77,12.32,13.22,13.69,48.60,48.92,13.937,nan,nan
20.02,-34.33,13.27,33.54,14.58,13.14,13.63,48.60,48.94,16.496,nan,nan
20.06,-33.83,13.42,34.21,13.96,13.06,13.56,48.60,48.94,15.797,nan,nan
20.10,-33.83,13.70,33.81,12.06,12.97,13.47,48.60,48.92,13.645,nan,nan
20.14,-33.67,12.89,33.99,14.29,12.91,13.41,48.50,48.91,16.169,nan,nan
20.18,-33.33,13.66,33.16,14.10,12.86,13.31,48.50,49.00,15.961,nan,nan
20.22,-33.33,12.94,33.20,12.84,12.78,13.25,48.60,49.01,14.529,nan,nan
20.26,-32.83,12.65,32.43,12.33,12.69,13.19,48.60,48.92,13.956,nan,nan
20.30,-33.17,13.56,32.16,13.03,12.61,13.09,48.60,48.94,14.745,nan,nan
20.34,-32.83,12.67,32.72,12.53,12.53,13.03,48.40,49.00,14.177,nan,nan
20.38,-33.00,13.18,31.97,11.93,12.43,12.97,48.40,48.98,13.501,nan,nan
20.42,-32.50,12.70,32.43,11.78,12.33,12.88,48.40,48.94,13.327,nan,nan
20.46,-32.33,12.84,32.32,12.97,12.25,12.81,48.50,48.96,14.682,nan,nan
20.50,-31.67,12.24,31.98,11.47,12.19,12.72,48.50,48.96,12.974,nan,nan
20.54,-31.17,11.18,31.53,12.58,12.14,12.66,48.50,48.96,14.240,nan,nan
20.58,-31.67,12.38,31.11,11.21,12.09,12.59,48.50,48.98,12.682,nan,nan
20.62,-31.67,12.41,31.80,12.53,12.01,12.50,48.50,48.96,14.177,nan,nan
20.66,-31.00,12.14,31.12,12.62,11.94,12.44,48.50,48.98,14.277,nan,nan
20.70,-31.00,12.22,30.32,11.37,11.88,12.34,48.50,48.94,12.866,nan,nan
20.74,-31.00,12.58,30.40,12.83,11.83,12.28,48.50,48.98,14.672,nan,nan
20.78,-30.67,12.05,29.75,13.18,11.75,12.22,48.50,48.98,14.914,nan,nan
20.82,-30.17,11.45,30.58,11.24,11.66,12.16,48.50,48.94,12.724,nan,nan
20.86,-30.83,12.62,30.08,11.35,11.59,12.06,48.60,49.00,12.841,nan,nan
20.90,-30.00,11.64,30.10,11.52,11.51,12.00,48.60,48.94,13.096,nan,nan
20.94,-30.33,12.29,29.24,12.94,11.44,11.91,48.60,49.05,14.644,nan,nan
20.98,-30.00,11.83,29.18,12.19,11.36,11.84,48.60,49.01,13.791,nan,nan
21.02,-29.50,10.99,29.86,10.85,11.29,11.78,48.60,49.00,12.276,nan,nan
21.06,-29.00,10.34,29.33,11.95,11.19,11.69,48.60,48.94,13.519,nan,nan
21.10,-29.50,12.00,28.52,10.64,11.10,11.62,48.70,48.96,12.042,nan,nan
21.14,-29.33,12.22,28.69,11.94,11.05,11.56,48.70,48.98,13.505,nan,nan
21.18,-28.50,10.97,29.53,10.08,10.98,11.47,48.70,49.00,11.403,nan,nan
21.22,-28.67,10.97,27.94,10.53,10.91,11.41,48.50,48.96,11.913,nan,nan
21.26,-28.50,10.99,27.67,12.01,10.85,11.31,48.50,48.96,13.593,nan,nan
21.30,-28.00,10.56,27.64,12.23,10.78,11.25,48.50,49.05,13.835,nan,nan
21.34,-28.17,10.99,28.32,10.96,10.68,11.19,48.50,49.03,12.405,nan,nan
21.38,-28.17,10.92,26.82,9.77,10.58,11.09,48.50,49.01,11.060,nan,nan
21.42,-27.83,11.06,27.41,11.61,10.49,11.03,48.50,48.98,13.241,nan,nan
21.46,-27.67,10.92,27.43,11.92,10.44,10.97,48.50,48.98,13.492,nan,nan
21.50,-27.17,9.74,27.40,11.95,10.38,10.87,48.50,48.96,13.520,nan,nan
21.54,-27.33,10.94,25.98,9.98,10.29,10.81,48.50,48.96,11.294,nan,nan
21.58,-27.50,10.75,27.36,11.05,10.20,10.72,48.50,49.01,12.505,nan,nan
21.62,-26.50,10.44,27.26,11.93,10.15,10.66,48.50,48.98,13.504,nan,nan
21.66,-26.50,9.72,26.85,11.78,10.09,10.59,48.50,48.98,13.334,nan,nan
21.70,-26.17,10.13,25.71,10.89,10.00,10.50,48.50,48.98,12.321,nan,nan
21.74,-26.50,10.42,26.15,10.03,9.93,10.44,48.50,48.96,11.391,nan,nan
21.78,-26.33,10.56,26.39,10.97,9.86,10.34,48.50,48.98,12.418,nan,nan
21.82,-25.67,9.62,25.25,9.76,9.80,10.28,48.50,49.01,11.045,nan,nan
21.86,-26.00,10.42,25.59,10.46,9.72,10.22,48.50,48.96,11.841,nan,nan
21.90,-25.67,10.03,25.01,10.87,9.64,10.12,48.50,49.01,12.300,nan,nan
21.94,-25.33,9.24,25.69,8.77,9.55,10.06,48.50,48.98,9.918,nan,nan
21.98,-25.00,9.43,24.64,11.43,9.49,9.97,48.50,48.98,12.937,nan,nan
22.02,-25.17,9.26,24.76,10.60,9.42,9.91,48.50,49.00,12.021,nan,nan
22.06,-24.33,8.95,23.44,10.30,9.33,9.84,48.50,49.03,11.661,nan,nan
22.10,-24.67,9.29,24.87,9.21,9.24,9.75,48.50,49.01,10.419,nan,nan
22.14,-24.00,8.59,24.50,9.25,9.16,9.69,48.60,49.00,10.463,nan,nan
22.18,-24.33,9.14,23.90,10.18,9.11,9.59,48.60,49.03,11.520,nan,nan
22.22,-24.17,8.38,24.05,10.07,9.05,9.53,48.60,48.98,11.395,nan,nan
22.26,-23.67,8.83,23.03,10.90,8.99,9.47,48.60,49.05,12.336,nan,nan
22.30,-23.50,8.54,24.34,8.18,8.91,9.38,48.60,49.03,9.253,nan,nan
22.34,-23.67,9.19,23.48,10.37,8.81,9.31,48.60,49.00,11.735,nan,nan
22.38,-23.17,8.81,22.21,9.20,8.73,9.25,48.60,49.03,10.407,nan,nan
22.42,-23.17,8.45,23.19,9.32,8.66,9.16,48.70,49.00,10.545,nan,nan
22.46,-22.67,8.62,22.65,9.46,8.58,9.09,48.70,49.03,10.701,nan,nan
22.50,-22.67,7.87,23.41,9.71,8.50,9.00,48.70,49.01,10.988,nan,nan
22.54,-22.50,8.59,22.54,9.50,8.43,8.94,48.50,49.00,10.748,nan,nan
22.58,-22.17,8.18,21.36,9.79,8.37,8.88,48.50,49.00,11.075,nan,nan
22.62,-22.17,8.69,22.10,8.51,8.30,8.78,48.50,49.01,9.630,nan,nan
22.66,-22.17,8.81,21.67,8.17,8.22,8.72,48.50,49.01,9.248,nan,nan
22.70,-22.00,8.45,21.81,9.21,8.13,8.62,48.50,49.03,10.420,nan,nan
22.74,-21.67,7.78,21.71,7.75,8.05,8.56,48.60,49.01,8.772,nan,nan
22.78,-21.50,7.49,20.67,8.25,7.96,8.50,48.60,49.03,9.334,nan,nan
22.82,-21.17,8.04,20.95,7.73,7.89,8.41,48.60,49.03,8.742,nan,nan
22.86,-21.00,7.68,20.58,7.86,7.83,8.34,48.50,49.01,8.892,nan,nan
22.90,-21.00,7.97,21.08,8.83,7.76,8.25,48.50,49.07,9.996,nan,nan
22.94,-20.50,7.32,20.31,9.22,7.66,8.19,48.50,49.00,10.438,nan,nan
22.98,-20.67,7.97,20.85,7.30,7.58,8.12,48.50,49.01,8.266,nan,nan
23.02,-20.00,7.34,19.42,7.83,7.52,8.03,48.60,49.03,8.858,nan,nan
23.06,-20.50,7.46,19.94,9.22,7.47,7.97,48.60,49.01,10.438,nan,nan
23.10,-20.00,7.66,19.09,6.51,7.40,7.88,48.60,49.05,7.369,nan,nan
23.14,-19.67,6.48,19.12,7.84,7.31,7.81,48.60,48.98,8.872,nan,nan
23.18,-19.50,7.30,18.96,8.67,7.25,7.72,48.60,49.00,9.807,nan,nan
23.22,-19.33,7.08,19.43,7.26,7.18,7.66,48.60,49.05,8.217,nan,nan
23.26,-18.83,6.43,19.08,7.17,7.11,7.59,48.60,49.03,8.112,nan,nan
23.30,-18.67,5.88,19.13,6.74,7.05,7.50,48.60,49.03,7.628,nan,nan
23.34,-18.67,6.46,18.63,7.04,6.97,7.44,48.50,49.03,7.964,nan,nan
23.38,-19.00,7.46,18.51,7.39,6.89,7.38,48.50,49.01,8.364,nan,nan
23.42,-18.83,7.22,17.62,8.08,6.81,7.28,48.50,49.01,9.146,nan,nan
23.46,-18.50,6.24,17.94,7.96,6.75,7.22,48.50,49.03,9.003,nan,nan
23.50,-18.50,7.32,17.29,7.06,6.68,7.12,48.50,49.03,7.994,nan,nan
23.54,-18.17,7.42,17.55,6.32,6.59,7.06,48.50,49.01,7.147,nan,nan
23.58,-18.00,6.19,17.47,7.26,6.50,7.00,48.50,49.01,8.213,nan,nan
23.62,-17.33,6.02,18.02,7.94,6.40,6.91,48.50,49.03,8.984,nan,nan
23.66,-17.17,6.10,16.68,7.78,6.31,6.84,48.50,49.01,8.765,nan,nan
23.70,-17.33,6.46,16.96,6.38,6.24,6.75,48.50,49.05,7.218,nan,nan
23.74,-17.00,5.16,16.48,7.88,6.19,6.69,48.50,49.07,8.916,nan,nan
23.78,-16.17,5.14,16.30,7.40,6.14,6.63,48.50,49.05,8.372,nan,nan
23.82,-16.67,5.78,16.78,7.23,6.06,6.53,48.50,49.01,8.178,nan,nan
23.86,-16.00,5.16,15.96,6.07,5.98,6.47,48.50,49.05,6.874,nan,nan
23.90,-16.17,5.45,16.10,5.87,5.89,6.41,48.50,49.09,6.647,nan,nan
23.94,-15.50,4.22,15.04,6.98,5.81,6.31,48.50,49.03,7.900,nan,nan
23.98,-16.17,5.88,15.85,6.37,5.75,6.25,48.50,49.05,7.209,nan,nan
24.02,-15.67,5.47,15.25,7.00,5.68,6.16,48.50,49.03,7.919,nan,nan
24.06,-15.17,4.82,15.76,5.21,5.61,6.09,48.50,49.07,5.894,nan,nan
24.10,-15.17,4.68,14.83,5.45,5.53,6.03,48.50,49.07,6.163,nan,nan
24.14,-15.00,5.11,14.62,6.09,5.44,5.94,48.50,49.05,6.896,nan,nan
24.18,-15.00,4.97,14.66,6.21,5.35,5.87,48.50,49.05,7.028,nan,nan
24.22,-15.00,5.30,14.06,5.96,5.27,5.81,48.60,49.05,6.745,nan,nan
24.26,-14.33,4.85,15.19,5.17,5.22,5.72,48.60,49.03,5.855,nan,nan
24.30,-14.33,4.97,13.48,5.70,5.17,5.66,48.50,49.05,6.452,nan,nan
24.34,-14.17,5.06,14.87,5.70,5.12,5.56,48.50,49.03,6.453,nan,nan
24.38,-13.67,4.68,13.28,4.75,5.06,5.50,48.50,49.03,5.374,nan,nan
24.42,-14.00,5.42,13.53,4.91,4.98,5.44,48.50,49.05,5.560,nan,nan
24.46,-13.50,4.18,12.70,4.66,4.89,5.34,48.60,49.03,5.278,nan,nan
24.50,-13.33,4.30,12.60,5.29,4.81,5.28,48.60,49.07,5.982,nan,nan
24.54,-12.83,4.18,13.36,5.74,4.74,5.22,48.60,49.05,6.500,nan,nan
24.58,-13.17,4.30,11.87,5.35,4.64,5.12,48.60,49.05,6.058,nan,nan
24.62,-12.83,4.22,12.36,5.57,4.56,5.06,48.60,49.05,6.300,nan,nan
24.66,-12.17,3.89,13.54,5.28,4.50,4.97,48.60,49.01,5.969,nan,nan
24.70,-12.17,3.89,13.20,4.77,4.45,4.91,48.50,49.07,5.399,nan,nan
24.74,-12.67,4.99,11.10,5.00,4.36,4.84,48.50,49.01,5.653,nan,nan
24.78,-12.50,4.22,12.26,3.93,4.26,4.75,48.50,49.05,4.444,nan,nan
24.82,-12.17,3.91,11.97,4.67,4.17,4.69,48.60,49.05,5.285,nan,nan
24.86,-11.00,2.88,11.45,5.00,4.10,4.62,48.60,49.03,5.654,nan,nan
24.90,-11.33,3.65,11.84,3.75,4.03,4.53,48.60,49.07,4.242,nan,nan
24.94,-10.83,3.02,11.91,4.54,3.94,4.47,48.50,49.03,5.137,nan,nan
24.98,-11.33,4.10,10.04,3.84,3.86,4.38,48.50,49.01,4.345,nan,nan
25.02,-10.67,2.83,11.44,5.01,3.80,4.31,48.60,49.05,5.733,nan,nan
25.06,-11.00,3.53,10.35,3.78,3.73,4.25,48.60,49.07,4.272,nan,nan
25.10,-10.83,3.43,10.15,4.60,3.67,4.16,48.60,49.07,5.201,nan,nan
25.14,-10.33,3.19,10.91,3.73,3.61,4.09,48.60,49.03,4.219,nan,nan
25.18,-10.33,3.24,9.39,3.85,3.52,4.03,48.60,49.05,4.351,nan,nan
25.22,-10.33,3.50,10.06,4.44,3.45,3.94,48.60,49.05,5.026,nan,nan
25.26,-9.50,2.47,11.19,3.80,3.43,3.87,48.50,49.05,4.304,nan,nan
25.30,-9.67,2.33,10.55,4.46,3.40,3.78,48.50,49.05,5.047,nan,nan
25.34,-9.33,3.00,9.13,3.48,3.33,3.72,48.50,49.05,3.935,nan,nan
25.38,-9.00,2.88,8.45,3.61,3.28,3.66,48.50,49.03,4.087,nan,nan
25.42,-9.17,3.14,9.13,3.15,3.22,3.56,48.60,49.09,3.569,nan,nan
25.46,-9.00,2.50,10.64,4.16,3.17,3.50,48.60,49.05,4.707,nan,nan
25.50,-9.00,2.71,10.13,4.36,3.10,3.41,48.60,49.05,4.934,nan,nan
25.54,-9.00,3.34,8.88,3.91,3.05,3.34,48.70,49.07,4.172,nan,nan
25.58,-8.83,2.98,7.58,3.39,2.99,3.28,48.70,49.07,3.835,nan,nan
25.62,-8.33,2.26,9.62,3.50,2.96,3.19,48.70,49.05,3.966,nan,nan
25.66,-8.17,2.59,7.78,3.62,2.90,3.12,48.50,49.05,4.100,nan,nan
25.70,-8.33,3.19,6.78,3.40,2.84,3.06,48.50,49.07,3.846,nan,nan
25.74,-7.17,1.30,10.03,3.31,2.76,2.97,48.50,49.05,3.742,nan,nan
25.78,-7.67,2.83,6.11,3.30,2.69,2.91,48.60,49.05,3.738,nan,nan
25.82,-7.50,2.69,9.39,3.41,2.63,2.81,48.60,49.03,3.857,nan,nan
25.86,-7.67,3.31,7.45,2.78,2.54,2.75,48.50,49.09,3.142,nan,nan
25.90,-6.50,1.13,8.90,2.68,2.48,2.69,48.50,49.05,3.027,nan,nan
25.94,-6.50,2.21,4.58,2.86,2.42,2.59,48.50,49.05,3.234,nan,nan
25.98,-6.00,0.72,3.92,2.11,2.33,2.53,48.50,49.05,2.383,nan,nan
26.02,-6.50,1.68,5.32,2.81,2.24,2.47,48.60,49.05,3.174,nan,nan
26.06,-6.33,1.90,8.68,2.53,2.19,2.38,48.60,49.03,2.863,nan,nan
26.10,-6.17,1.32,8.72,2.59,2.13,2.31,48.60,49.05,2.933,nan,nan
26.14,-5.33,0.89,3.00,2.25,2.05,2.22,48.60,49.07,2.549,nan,nan
26.18,-5.33,1.03,1.87,2.31,1.94,2.16,48.60,49.09,2.608,nan,nan
26.22,-5.17,0.34,11.18,2.59,1.79,2.06,48.60,49.05,2.928,nan,nan
26.26,-4.83,1.30,7.68,2.63,1.67,2.00,48.50,49.05,2.981,nan,nan
26.30,-4.00,-0.43,2.10,2.03,1.73,1.94,48.50,49.05,2.297,nan,nan
26.34,-5.00,0.84,9.53,1.89,1.61,1.84,48.50,49.05,2.140,nan,nan
26.38,-4.33,-0.05,2.84,1.80,1.50,1.78,48.50,49.09,2.038,nan,nan
26.42,-5.17,1.66,5.99,1.99,1.37,1.69,48.50,49.01,2.257,nan,nan
26.46,-4.33,0.96,6.12,1.25,1.33,1.63,48.50,49.05,1.418,nan,nan
26.50,-4.33,1.06,1.41,1.71,1.26,1.56,48.60,49.09,1.935,nan,nan
26.54,-3.83,0.36,4.02,1.51,1.24,1.47,48.60,49.05,1.709,nan,nan
26.58,-3.83,0.67,0.11,1.60,1.18,1.41,48.60,49.07,1.807,nan,nan
26.62,-3.33,-0.07,4.21,1.28,1.12,1.34,48.60,49.07,1.447,nan,nan
26.66,-3.67,1.20,3.05,1.45,0.98,1.25,48.60,49.05,1.537,nan,nan
26.70,-2.67,-0.10,2.84,1.24,1.00,1.19,48.50,49.07,1.407,nan,nan
26.74,-3.17,0.05,7.82,1.33,0.89,1.09,48.50,49.07,1.507,nan,nan
26.78,-2.50,-0.29,1.93,1.13,0.84,1.03,48.50,49.07,1.275,nan,nan
26.82,-2.67,-0.24,2.76,1.04,0.84,0.97,48.50,49.09,1.173,nan,nan
26.86,-2.33,0.05,5.22,1.38,0.73,0.87,48.60,49.07,1.559,nan,nan
26.90,-2.17,-0.48,0.86,0.93,0.75,0.81,48.60,49.05,1.053,nan,nan
26.94,-2.17,-0.14,2.44,0.95,0.64,0.72,48.60,49.03,1.070,nan,nan
26.98,-1.67,-0.41,2.78,0.37,0.41,0.66,48.60,49.07,0.415,nan,nan
27.02,-2.00,0.00,1.61,1.03,0.35,0.59,48.60,49.09,1.168,nan,nan
27.06,-1.33,-0.41,0.07,0.55,0.51,0.50,48.60,49.05,0.622,nan,nan
27.10,-0.83,-0.86,0.02,0.60,0.47,0.44,48.50,49.05,0.676,nan,nan
27.14,-1.17,-0.72,0.03,0.50,0.26,0.38,48.50,49.07,0.406,nan,nan
27.18,-1.17,-0.26,0.02,0.35,0.12,0.28,48.50,49.09,0.571,nan,nan
27.22,-0.50,-0.46,0.03,0.21,0.08,0.22,48.60,49.07,0.242,nan,nan
27.26,-0.33,-0.96,-0.03,-0.02,0.06,0.12,48.60,49.05,-0.027,nan,nan
27.30,-0.17,-0.94,0.01,0.36,0.04,0.06,48.50,49.05,0.407,nan,nan
27.34,0.00,-1.03,0.02,0.27,0.04,0.00,48.50,49.09,0.304,nan,nan
27.38,0.00,-1.15,-0.04,-0.12,0.04,0.00,48.50,49.09,-0.131,nan,nan
27.42,0.00,-1.10,-0.01,-0.21,0.03,0.00,48.50,49.07,-0.234,nan,nan
27.46,0.00,-1.10,-0.01,-0.21,0.03,0.00,48.50,49.07,-0.234,nan,nan
27.50,0.00,-1.10,-0.01,-0.21,0.03,0.00,48.50,49.07,-0.234,nan,nan
27.54,0.00,-1.10,-0.01,-0.21,0.03,0.00,48.50,49.07,-0.234,nan,nan
27.58,0.00,-1.10,-0.01,-0.21,0.04,0.00,48.50,49.07,-0.234,nan,nan
27.62,0.00,-1.10,-0.01,-0.21,0.04,0.00,48.50,49.07,-0.234,nan,nan
27.66,0.00,-1.10,-0.01,-0.21,0.04,0.00,48.50,49.07,-0.234,nan,nan
27.70,0.00,-1.10,-0.01,-0.21,0.04,0.00,48.60,49.07,-0.234,nan,nan
27.74,0.00,-1.10,-0.01,-0.21,0.04,0.00,48.60,49.07,-0.234,nan,nan
27.78,0.00,-1.10,-0.01,-0.21,0.04,0.00,48.60,49.07,-0.234,nan,nan
27.82,0.00,-1.10,-0.01,-0.21,0.04,0.00,48.60,49.07,-0.234,nan,nan
27.86,0.00,-1.10,-0.01,-0.21,0.04,0.00,48.60,49.07,-0.234,nan,nan
27.90,0.00,-1.10,-0.01,-0.21,0.04,0.00,48.60,49.07,-0.234,nan,nan
27.94,0.00,-1.10,-0.01,-0.21,0.04,0.00,48.60,49.07,-0.234,nan,nan
27.98,0.00,-1.10,-0.01,-0.21,0.04,0.00,48.60,49.07,-0.234,nan,nan
28.02,0.00,-1.10,-0.01,-0.21,0.04,0.00,48.60,49.07,-0.234,nan,nan
28.06,0.00,-1.10,-0.01,-0.21,0.04,0.00,48.50,49.07,-0.234,nan,nan
28.10,0.00,-1.10,-0.01,-0.21,0.04,0.00,48.50,49.07,-0.234,nan,nan
28.14,0.00,-1.10,-0.01,-0.21,0.04,0.00,48.50,49.07,-0.234,nan,nan
28.18,0.00,-1.10,-0.01,-0.21,0.04,0.00,48.50,49.07,-0.234,nan,nan
28.22,0.00,-1.10,-0.01,-0.21,0.04,0.00,48.50,49.07,-0.234,nan,nan
28.26,0.00,-1.10,-0.01,-0.21,0.04,0.00,48.50,49.07,-0.234,nan,nan
28.30,0.00,-1.10,-0.01,-0.21,0.04,0.00,48.50,49.07,-0.234,nan,nan
28.34,0.00,-1.10,-0.01,-0.21,0.04,0.00,48.50,49.07,-0.234,nan,nan
28.38,0.00,-1.10,-0.01,-0.21,0.04,0.00,48.50,49.07,-0.234,nan,nan
28.42,0.00,-1.10,-0.01,-0.21,0.04,0.00,48.50,49.07,-0.234,nan,nan
28.46,0.00,-1.10,-0.01,-0.21,0.04,0.00,48.50,49.07,-0.234,nan,nan
28.50,0.00,-1.10,-0.01,-0.21,0.04,0.00,48.50,49.07,-0.234,nan,nan
28.54,0.00,-1.10,-0.01,-0.21,0.04,0.00,48.70,49.07,-0.234,nan,nan
28.58,0.00,-1.10,-0.01,-0.21,0.04,0.00,48.70,49.07,-0.234,nan,nan
28.62,0.00,-1.10,-0.01,-0.21,0.04,0.00,48.70,49.07,-0.234,nan,nan
28.66,0.00,-1.10,-0.01,-0.21,0.04,0.00,48.50,49.07,-0.234,nan,nan
28.70,0.00,-1.10,-0.01,-0.21,0.04,0.00,48.50,49.07,-0.234,nan,nan
28.74,0.00,-1.10,-0.01,-0.21,0.04,0.00,48.50,49.07,-0.234,nan,nan
28.78,0.00,-1.10,-0.01,-0.21,0.04,0.00,48.50,49.07,-0.234,nan,nan
28.82,0.00,-1.10,-0.01,-0.21,0.04,0.00,48.50,49.07,-0.234,nan,nan
28.86,0.00,-1.10,-0.01,-0.21,0.04,0.00,48.50,49.07,-0.234,nan,nan
28.90,0.00,-1.10,-0.01,-0.21,0.04,0.00,48.60,49.07,-0.234,nan,nan
28.94,0.00,-1.10,-0.01,-0.21,0.04,0.00,48.60,49.07,-0.234,nan,nan
28.98,0.00,-1.10,-0.01,-0.21,0.04,0.00,48.60,49.07,-0.234,nan,nan
29.02,0.00,-1.10,-0.01,-0.21,0.04,0.00,48.40,49.07,-0.234,nan,nan
29.06,0.00,-1.10,-0.01,-0.21,0.04,0.00,48.40,49.07,-0.234,nan,nan
29.10,0.00,-1.10,-0.01,-0.21,0.04,0.00,48.40,49.07,-0.234,nan,nan
29.14,0.00,-1.10,-0.01,-0.21,0.04,0.00,48.60,49.07,-0.234,nan,nan
29.18,0.00,-1.10,-0.01,-0.21,0.04,0.00,48.60,49.07,-0.234,nan,nan
29.22,0.00,-1.10,-0.01,-0.21,0.04,0.00,48.60,49.07,-0.234,nan,nan
29.26,0.00,-1.10,-0.01,-0.21,0.04,0.00,48.50,49.07,-0.234,nan,nan
29.30,0.00,-1.10,-0.01,-0.21,0.04,0.00,48.50,49.07,-0.234,nan,nan
29.34,0.00,-1.10,-0.01,-0.21,0.04,0.00,48.50,49.07,-0.234,nan,nan
29.38,0.00,-1.10,-0.01,-0.21,0.04,0.00,48.50,49.07,-0.234,nan,nan
29.42,0.00,-1.10,-0.01,-0.21,0.04,0.00,48.50,49.07,-0.234,nan,nan
29.46,0.00,-1.10,-0.01,-0.21,0.04,0.00,48.50,49.07,-0.234,nan,nan
29.50,0.00,-1.10,-0.01,-0.21,0.04,0.00,48.60,49.07,-0.234,nan,nan
29.54,0.00,-1.10,-0.01,-0.21,0.04,0.00,48.60,49.07,-0.234,nan,nan
29.58,0.00,-1.10,-0.01,-0.21,0.04,0.00,48.60,49.07,-0.234,nan,nan
29.62,0.00,-1.10,-0.01,-0.21,0.04,0.00,48.50,49.07,-0.234,nan,nan
29.66,0.00,-1.10,-0.01,-0.21,0.04,0.00,48.50,49.07,-0.234,nan,nan
29.70,0.00,-1.10,-0.01,-0.21,0.04,0.00,48.50,49.07,-0.234,nan,nan
29.74,0.00,-1.10,-0.01,-0.21,0.04,0.00,48.60,49.07,-0.234,nan,nan
29.78,0.00,-1.10,-0.01,-0.21,0.04,0.00,48.60,49.07,-0.234,nan,nan
29.82,0.00,-1.10,-0.01,-0.21,0.04,0.00,48.60,49.07,-0.234,nan,nan
29.86,0.00,-1.10,-0.01,-0.21,0.04,0.00,48.50,49.07,-0.234,nan,nan
29.90,0.00,-1.10,-0.01,-0.21,0.04,0.00,48.50,49.07,-0.234,nan,nan
29.94,0.00,-1.10,-0.01,-0.21,0.04,0.00,48.50,49.07,-0.234,nan,nan
29.98,0.00,-1.10,-0.01,-0.21,0.04,0.00,48.60,49.07,-0.234,nan,nan
30.02,0.00,-1.10,-0.01,-0.21,0.04,0.00,48.60,49.07,-0.234,nan,nan
30.06,0.00,-1.10,-0.01,-0.21,0.04,0.00,48.60,49.07,-0.234,nan,nan
30.10,0.00,-1.10,-0.01,-0.21,0.04,0.00,48.50,49.07,-0.234,nan,nan
30.14,0.00,-1.10,-0.01,-0.21,0.04,0.00,48.50,49.07,-0.234,nan,nan
30.18,0.00,-1.10,-0.01,-0.21,0.04,0.00,48.50,49.07,-0.234,nan,nan
30.22,0.00,-1.10,-0.01,-0.21,0.04,0.00,48.50,49.07,-0.234,nan,nan
30.26,0.00,-1.10,-0.01,-0.21,0.04,0.00,48.50,49.07,-0.234,nan,nan
30.30,0.00,-1.10,-0.01,-0.21,0.04,0.00,48.50,49.07,-0.234,nan,nan
30.34,0.00,-1.10,-0.01,-0.21,0.04,0.00,48.50,49.07,-0.234,nan,nan
30.38,0.00,-1.10,-0.01,-0.21,0.04,0.00,48.50,49.07,-0.234,nan,nan
30.42,0.00,-1.10,-0.01,-0.21,0.04,0.00,48.50,49.07,-0.234,nan,nan
30.46,0.00,-1.10,-0.01,-0.21,0.04,0.00,48.60,49.07,-0.234,nan,nan
30.50,0.00,-1.10,-0.01,-0.21,0.04,0.00,48.60,49.07,-0.234,nan,nan
30.54,0.00,-1.10,-0.01,-0.21,0.04,0.00,48.60,49.07,-0.234,nan,nan
30.58,0.00,-1.10,-0.01,-0.21,0.04,0.00,48.60,49.07,-0.234,nan,nan
30.62,0.00,-1.10,-0.01,-0.21,0.04,0.00,48.60,49.07,-0.234,nan,nan
30.66,0.00,-1.10,-0.01,-0.21,0.04,0.00,48.60,49.07,-0.234,nan,nan
30.70,0.00,-1.10,-0.01,-0.21,0.04,0.00,48.50,49.07,-0.234,nan,nan
30.74,0.00,-1.10,-0.01,-0.21,0.04,0.00,48.50,49.07,-0.234,nan,nan
30.78,0.00,-1.10,-0.01,-0.21,0.04,0.00,48.50,49.07,-0.234,nan,nan
30.82,0.00,-1.10,-0.01,-0.21,0.04,0.00,48.60,49.07,-0.234,nan,nan
30.86,0.00,-1.10,-0.01,-0.21,0.04,0.00,48.60,49.07,-0.234,nan,nan
30.90,0.00,-1.10,-0.01,-0.21,0.04,0.00,48.60,49.07,-0.234,nan,nan
30.94,0.00,-1.10,-0.01,-0.21,0.04,0.00,48.50,49.07,-0.234,nan,nan
30.98,0.00,-1.10,-0.01,-0.21,0.04,0.00,48.50,49.07,-0.234,nan,nan
31.02,0.00,-1.10,-0.01,-0.21,0.04,0.00,48.50,49.07,-0.234,nan,nan
31.06,0.00,-1.10,-0.01,-0.21,0.04,0.00,48.60,49.07,-0.234,nan,nan
31.10,0.00,-1.10,-0.01,-0.21,0.04,0.00,48.60,49.07,-0.234,nan,nan
31.14,0.00,-1.10,-0.01,-0.21,0.04,0.00,48.60,49.07,-0.234,nan,nan
31.18,0.00,-1.10,-0.01,-0.21,0.04,0.00,48.70,49.07,-0.234,nan,nan
31.22,0.00,-1.10,-0.01,-0.21,0.04,0.00,48.70,49.07,-0.234,nan,nan
31.26,0.00,-1.10,-0.01,-0.21,0.04,0.00,48.70,49.07,-0.234,nan,nan
31.30,0.00,-1.10,-0.01,-0.21,0.04,0.00,48.60,49.07,-0.234,nan,nan
31.34,0.00,-1.10,-0.01,-0.21,0.04,0.00,48.60,49.07,-0.234,nan,nan
31.38,0.00,-1.10,-0.01,-0.21,0.04,0.00,48.60,49.07,-0.234,nan,nan
31.42,0.00,-1.10,-0.01,-0.21,0.04,0.00,48.50,49.07,-0.234,nan,nan
31.46,0.00,-1.10,-0.01,-0.21,0.04,0.00,48.50,49.07,-0.234,nan,nan
31.50,0.00,-1.10,-0.01,-0.21,0.04,0.00,48.50,49.07,-0.234,nan,nan
31.54,0.00,-1.10,-0.01,-0.21,0.04,0.00,48.60,49.07,-0.234,nan,nan
31.58,0.00,-1.10,-0.01,-0.21,0.04,0.00,48.60,49.07,-0.234,nan,nan
31.62,0.00,-1.10,-0.01,-0.21,0.04,0.00,48.60,49.07,-0.234,nan,nan
31.66,0.00,-1.10,-0.01,-0.21,0.04,0.00,48.60,49.07,-0.234,nan,nan
31.70,0.00,-1.10,-0.01,-0.21,0.04,0.00,48.60,49.07,-0.234,nan,nan
31.74,0.00,-1.10,-0.01,-0.21,0.04,0.00,48.60,49.07,-0.234,nan,nan
31.78,0.00,-1.10,-0.01,-0.21,0.04,0.00,48.50,49.07,-0.234,nan,nan
31.82,0.00,-1.10,-0.01,-0.21,0.04,0.00,48.50,49.07,-0.234,nan,nan
31.86,0.00,-1.10,-0.01,-0.21,0.04,0.00,48.50,49.07,-0.234,nan,nan
31.90,0.00,-1.10,-0.01,-0.21,0.04,0.00,48.50,49.07,-0.234,nan,nan
31.94,0.00,-1.10,-0.01,-0.21,0.04,0.00,48.50,49.07,-0.234,nan,nan
31.98,0.00,-1.10,-0.01,-0.21,0.04,0.00,48.50,49.07,-0.234,nan,nan
32.02,0.00,-1.10,-0.01,-0.21,0.04,0.00,48.70,49.07,-0.234,nan,nan
32.06,0.00,-1.10,-0.01,-0.21,0.04,0.00,48.70,49.07,-0.234,nan,nan
32.10,0.00,-1.10,-0.01,-0.21,0.04,0.00,48.70,49.07,-0.234,nan,nan
32.14,0.00,-1.10,-0.01,-0.21,0.04,0.00,48.60,49.07,-0.234,nan,nan
32.18,0.00,-1.10,-0.01,-0.21,0.04,0.00,48.60,49.07,-0.234,nan,nan
32.22,0.00,-1.10,-0.01,-0.21,0.04,0.00,48.60,49.07,-0.234,nan,nan
32.26,0.00,-1.10,-0.01,-0.21,0.04,0.00,48.60,49.07,-0.234,nan,nan
32.30,0.00,-1.10,-0.01,-0.21,0.04,0.00,48.60,49.07,-0.234,nan,nan
32.34,0.00,-1.10,-0.01,-0.21,0.04,0.00,48.60,49.07,-0.234,nan,nan
32.38,0.00,-1.10,-0.01,-0.21,0.04,0.00,48.60,49.07,-0.234,nan,nan
