time_s,output_pos_rad,output_torque_Nm
0.004832,-0.000006848,0.000000
0.013501,-0.000006848,0.040000
0.023791,-0.000006848,0.080000
0.034306,0.000006848,0.120000
0.044449,0.000020544,0.160000
0.054492,0.000068481,0.200000
0.064904,0.000116418,0.240000
0.075300,0.000136963,0.280000
0.085188,0.000191748,0.320000
0.095035,0.000253381,0.360000
0.105090,0.000287621,0.400000
0.115266,0.000342406,0.440000
0.125549,0.000417736,0.480000
0.135703,0.000506762,0.520000
0.145806,0.000671117,0.560000
0.156250,0.000903953,0.600000
0.166098,0.001273752,0.640000
0.176073,0.001896932,0.680000
0.186349,0.002389997,0.720000
0.196311,0.002739251,0.760000
0.206624,0.003088506,0.800000
0.216906,0.003389824,0.840000
0.226812,0.003766471,0.880000
0.236935,0.004245840,0.920000
0.247070,0.004766297,0.960000
0.257250,0.005129248,1.000000
0.267318,0.005437414,1.040000
0.277502,0.005567528,1.080000
0.287601,0.005793517,1.120000
0.297776,0.005978416,1.160000
0.307934,0.006211253,1.200000
0.318313,0.006574203,1.240000
0.328403,0.007005635,1.280000
0.338176,0.007464460,1.320000
0.347993,0.007854803,1.360000
0.358769,0.008204058,1.400000
0.368668,0.008532768,1.440000
0.378802,0.008888871,1.480000
0.388951,0.009429873,1.520000
0.399108,0.009984571,1.560000
0.409619,0.010340674,1.600000
0.419522,0.010539270,1.640000
0.429664,0.010676232,1.680000
0.439869,0.010785802,1.720000
0.449917,0.010909069,1.760000
0.460083,0.011004943,1.800000
0.470204,0.011148753,1.840000
0.480033,0.011244627,1.880000
0.490178,0.011374741,1.920000
0.500814,0.011491160,1.960000
0.510566,0.011634970,2.000000
0.521261,0.011826718,2.040000
0.530692,0.012011617,2.080000
0.541178,0.012244454,2.120000
0.551313,0.012449898,2.160000
0.561446,0.012696430,2.200000
0.571240,0.012895026,2.240000
0.581041,0.013045685,2.280000
0.591410,0.013216888,2.320000
0.601599,0.013319610,2.360000
0.612413,0.013436028,2.400000
0.622180,0.013552446,2.440000
0.631917,0.013662016,2.480000
0.641849,0.013771586,2.520000
0.652163,0.013901701,2.560000
0.662413,0.014066056,2.600000
0.672647,0.014216715,2.640000
0.682584,0.014449551,2.680000
0.693694,0.014661843,2.720000
0.703009,0.014901528,2.760000
0.713025,0.015278175,2.800000
0.723288,0.015415137,2.840000
0.733801,0.015558948,2.880000
0.744433,0.015600037,2.920000
0.753825,0.015730151,2.960000
0.763911,0.015798632,3.000000
0.774343,0.015928747,3.040000
0.784180,0.015962988,3.080000
0.793992,0.016058861,3.120000
0.804433,0.016099950,3.160000
0.814879,0.016223216,3.200000
0.824670,0.016312242,3.240000
0.834184,0.016449205,3.280000
0.844320,0.016545078,3.320000
0.854642,0.016716282,3.360000
0.864616,0.016873789,3.400000
0.875706,0.017168258,3.440000
0.885701,0.017538057,3.480000
0.895545,0.018195477,3.520000
0.905951,0.019571951,3.560000
0.916056,0.021598997,3.600000
0.926259,0.023454840,3.640000
0.936276,0.024550541,3.680000
0.946370,0.025098391,3.720000
0.956519,0.025728419,3.760000
0.966666,0.026105066,3.800000
0.976743,0.026331054,3.840000
0.986866,0.026481713,3.880000
0.996978,0.026639220,3.920000
1.007101,0.026769334,3.960000
1.017260,0.026872056,4.000000
1.027291,0.026981626,4.040000
1.037336,0.027118589,4.080000
1.047480,0.027207615,4.120000
1.057620,0.027303488,4.160000
1.068030,0.027392514,4.200000
1.077993,0.027467843,4.240000
1.088408,0.027556869,4.280000
1.098189,0.027659591,4.320000
1.107972,0.027714376,4.360000
1.118302,0.027782857,4.400000
1.128926,0.027912972,4.440000
1.138872,0.027967757,4.480000
1.148964,0.028063631,4.520000
1.158914,0.028145808,4.560000
1.169036,0.028186897,4.600000
1.179423,0.028269075,4.640000
1.189515,0.028303315,4.680000
1.199450,0.028344404,4.720000
1.209648,0.028406037,4.760000
1.219804,0.028460822,4.800000
1.229880,0.028508759,4.840000
1.240015,0.028536152,4.880000
1.250180,0.028584088,4.920000
1.260162,0.028604633,4.960000
1.270621,0.028659418,5.000000
1.280729,0.028721051,5.040000
1.290914,0.028748444,5.080000
1.301029,0.028796380,5.120000
1.311141,0.028803229,5.160000
1.321256,0.028858014,5.200000
1.331483,0.028899102,5.240000
1.341535,0.028926495,5.280000
1.351965,0.028988128,5.320000
1.361840,0.029042913,5.360000
1.371916,0.029077154,5.400000
1.382222,0.029097698,5.440000
1.392232,0.029131939,5.480000
1.402056,0.029179876,5.520000
1.412576,0.029227813,5.560000
1.422740,0.029207268,5.600000
1.432595,0.029323686,5.640000
1.443054,0.029330534,5.680000
1.452891,0.029357927,5.720000
1.462887,0.029419560,5.760000
1.473135,0.029446953,5.800000
1.483103,0.029494890,5.840000
1.493829,0.029556523,5.880000
1.503764,0.029577067,5.920000
1.513912,0.029659245,5.960000
1.523989,0.029727726,6.000000
1.533944,0.029761967,6.040000
1.543970,0.029796207,6.080000
1.554444,0.029857840,6.120000
1.564348,0.029953714,6.160000
1.574385,0.030008499,6.200000
1.584638,0.030042740,6.240000
1.595022,0.030104373,6.280000
1.605472,0.030179702,6.320000
1.614976,0.030268728,6.360000
1.625169,0.030296121,6.400000
1.635138,0.030419387,6.440000
1.645334,0.030439931,6.480000
1.655634,0.030535805,6.520000
1.665856,0.030659071,6.560000
1.675923,0.030761793,6.600000
1.686003,0.030878211,6.640000
1.696198,0.031042567,6.680000
1.706215,0.031165833,6.720000
1.716282,0.031295947,6.760000
1.726533,0.031439758,6.800000
1.736623,0.031597265,6.840000
1.746701,0.031768468,6.880000
1.756853,0.031960216,6.920000
1.767001,0.032357407,6.960000
1.777087,0.033213423,7.000000
1.787186,0.035904738,7.040000
1.797150,0.039301410,7.080000
1.807188,0.040369718,7.120000
1.817468,0.041013442,7.160000
1.827439,0.041342152,7.200000
1.837551,0.041533899,7.240000
1.847601,0.041691406,7.280000
1.858120,0.041684558,7.320000
1.868041,0.041862610,7.360000
1.878214,0.041910547,7.400000
1.889189,0.041951635,7.440000
1.898721,0.042061205,7.480000
1.908390,0.042074902,7.520000
1.919060,0.042136535,7.560000
1.929242,0.042232409,7.600000
1.939082,0.042280345,7.640000
1.949324,0.042335130,7.680000
1.959443,0.042396764,7.720000
1.969786,0.042444701,7.760000
1.979993,0.042526878,7.800000
1.989625,0.042595359,7.840000
1.999915,0.042636448,7.880000
2.010068,0.042691233,7.920000
2.020306,0.042766563,7.960000
2.030333,0.042800803,8.000000
2.040514,0.042862436,8.040000
2.050576,0.042944614,8.080000
2.060688,0.042978855,8.120000
2.071085,0.043061032,8.160000
2.080824,0.043088425,8.200000
2.090899,0.043163754,8.240000
2.101147,0.043245932,8.280000
2.111234,0.043314413,8.320000
2.121274,0.043382894,8.360000
2.131268,0.043437679,8.400000
2.141916,0.043526705,8.440000
2.151961,0.043595186,8.480000
2.162012,0.043622579,8.520000
2.172169,0.043704756,8.560000
2.182270,0.043773237,8.600000
2.192377,0.043841719,8.640000
2.202487,0.043896504,8.680000
2.212745,0.043917048,8.720000
2.222828,0.043992378,8.760000
2.232942,0.044033466,8.800000
2.243068,0.044067707,8.840000
2.253018,0.044129340,8.880000
2.263270,0.044170429,8.920000
2.273394,0.044204670,8.960000
2.283717,0.044259455,9.000000
2.293759,0.044279999,9.040000
2.303849,0.044355328,9.080000
2.313932,0.044389569,9.120000
2.324300,0.044396417,9.160000
2.334316,0.044437506,9.200000
2.344379,0.044458050,9.240000
2.354426,0.044519683,9.280000
2.364719,0.044553924,9.320000
2.374800,0.044615557,9.360000
2.384866,0.044649798,9.400000
2.394936,0.044677190,9.440000
2.405108,0.044731975,9.480000
2.415312,0.044752520,9.520000
2.425299,0.044800457,9.560000
2.435600,0.044827849,9.600000
2.445790,0.044896331,9.640000
2.455821,0.045485270,9.680000
2.465927,0.045416788,9.720000
2.476041,0.045368851,9.760000
2.486185,0.045485270,9.800000
2.496238,0.045574295,9.840000
2.506581,0.045594840,9.880000
2.516645,0.045608536,9.920000
2.526811,0.045697562,9.960000
2.536873,0.045718106,10.000000
2.547045,0.045766043,10.040000
2.557128,0.045834524,10.080000
2.567310,0.045875613,10.120000
2.577485,0.045916702,10.160000
2.587412,0.045923550,10.200000
2.597871,0.045978335,10.240000
2.607400,0.045998879,10.280000
2.617616,0.046067361,10.320000
2.627961,0.046108449,10.360000
2.638090,0.046156386,10.400000
2.648413,0.046204323,10.440000
2.658646,0.046245412,10.480000
2.668557,0.046259108,10.520000
2.678486,0.046341286,10.560000
2.688882,0.046368678,10.600000
2.698944,0.046423463,10.640000
2.709204,0.046457704,10.680000
2.719443,0.046519337,10.720000
2.729413,0.046533033,10.760000
2.739527,0.046601515,10.800000
2.749798,0.046663148,10.840000
2.759854,0.046676844,10.880000
2.769603,0.046711085,10.920000
2.780040,0.046800110,10.960000
2.790282,0.046841199,11.000000
2.800523,0.046868592,11.040000
2.810690,0.046902832,11.080000
2.820409,0.046978162,11.120000
2.830653,0.046991858,11.160000
2.841617,0.047060339,11.200000
2.850846,0.047135669,11.240000
2.861102,0.047210998,11.280000
2.871225,0.047252087,11.320000
2.881416,0.047306872,11.360000
2.891141,0.047389049,11.400000
2.901657,0.047526012,11.440000
2.911593,0.047656126,11.480000
2.922200,0.047834178,11.520000
2.932461,0.048142343,11.560000
2.942182,0.048827156,11.600000
2.952318,0.050936380,11.640000
2.962877,0.056202591,11.680000
2.972985,0.058044737,11.720000
2.982819,0.058318662,11.760000
2.993192,0.058304966,11.800000
3.003002,0.058332359,11.840000
3.013207,0.058414536,11.880000
3.023432,0.058435081,11.920000
3.033783,0.058476169,11.960000
3.044413,0.058544651,12.000000
3.053850,0.058578891,12.040000
3.064215,0.058585739,12.080000
3.074391,0.058640524,12.120000
3.084556,0.058681613,12.160000
3.094511,0.058709006,12.200000
3.104427,0.058763791,12.240000
3.115506,0.058832272,12.280000
3.125198,0.058866513,12.320000
3.134445,0.058900753,12.360000
3.144719,0.058887057,12.400000
3.154573,0.058934994,12.440000
3.165006,0.058969235,12.480000
3.174906,0.058982931,12.520000
3.185374,0.059044564,12.560000
3.195199,0.059058260,12.600000
3.205186,0.059085653,12.640000
3.215067,0.059154134,12.680000
3.225281,0.059154134,12.720000
3.235505,0.059202071,12.760000
3.246395,0.059250008,12.800000
3.256248,0.059263704,12.840000
3.265710,0.059297945,12.880000
3.275849,0.059332185,12.920000
3.285961,0.059352730,12.960000
3.296008,0.059373274,13.000000
3.306290,0.059414363,13.040000
3.316369,0.059393819,13.080000
3.326365,0.059469148,13.120000
3.336430,0.059462300,13.160000
3.346634,0.059510237,13.200000
3.356772,0.059537629,13.240000
3.366788,0.059558174,13.280000
3.376943,0.059578718,13.320000
3.387000,0.059626655,13.360000
3.397188,0.059612959,13.400000
3.407610,0.059633503,13.440000
3.417765,0.059660896,13.480000
3.428212,0.059722529,13.520000
3.438331,0.059743073,13.560000
3.448773,0.059797858,13.600000
3.458837,0.059791010,13.640000
3.468913,0.059791010,13.680000
3.478754,0.059811554,13.720000
3.489098,0.059866339,13.760000
3.499382,0.059825251,13.800000
3.509583,0.059893732,13.840000
3.519732,0.059900580,13.880000
3.529711,0.059941669,13.920000
3.539924,0.059927973,13.960000
3.550615,0.059955365,14.000000
3.562613,0.059962213,14.040000
3.572365,0.059996454,14.080000
3.583227,0.060003302,14.120000
3.592759,0.060030695,14.160000
3.603865,0.060064935,14.200000
3.613065,0.060071783,14.240000
3.623084,0.060112872,14.280000
3.633717,0.060119720,14.320000
3.643784,0.060140265,14.360000
3.653936,0.060167657,14.400000
3.664132,0.060174505,14.440000
3.673732,0.060208746,14.480000
3.683517,0.060236138,14.520000
3.693864,0.060270379,14.560000
3.704299,0.060277227,14.600000
3.714242,0.060297772,14.640000
3.724247,0.060318316,14.680000
3.734416,0.060359405,14.720000
3.744594,0.060345708,14.760000
3.754694,0.060379949,14.800000
3.764958,0.060407342,14.840000
3.774976,0.060427886,14.880000
3.785085,0.060462127,14.920000
3.795243,0.060496367,14.960000
3.805547,0.060482671,15.000000
3.815529,0.060523760,15.040000
3.825689,0.060516912,15.080000
3.835788,0.060564849,15.120000
3.845997,0.060564849,15.160000
3.856099,0.060599089,15.200000
3.866147,0.060633330,15.240000
3.876275,0.060653874,15.280000
3.886243,0.060674419,15.320000
3.896512,0.060694963,15.360000
3.906720,0.060722356,15.400000
3.916911,0.060742900,15.440000
3.926936,0.060763444,15.480000
3.937142,0.060790837,15.520000
3.947172,0.060818229,15.560000
3.957370,0.060811381,15.600000
3.967442,0.060845622,15.640000
3.977580,0.060886711,15.680000
3.987597,0.060866166,15.720000
3.997830,0.060927799,15.760000
4.007910,0.060955192,15.800000
4.018074,0.060975736,15.840000
4.027850,0.060989433,15.880000
4.039007,0.061030521,15.920000
4.049062,0.061071610,15.960000
4.058635,0.061092155,16.000000
4.069316,0.061099003,16.040000
4.079242,0.061133243,16.080000
4.089283,0.061194876,16.120000
4.099591,0.061222269,16.160000
4.109827,0.061235965,16.200000
4.119911,0.061263358,16.240000
4.130238,0.061311295,16.280000
4.139981,0.061331839,16.320000
4.150341,0.061366080,16.360000
4.160701,0.061393472,16.400000
4.170776,0.061434561,16.440000
4.180180,0.061489346,16.480000
4.190487,0.061550979,16.520000
4.200764,0.061578372,16.560000
4.211829,0.061640005,16.600000
4.221728,0.061653701,16.640000
4.230863,0.061681094,16.680000
4.241458,0.061729030,16.720000
4.251500,0.061797512,16.760000
4.261697,0.061859145,16.800000
4.271727,0.061907082,16.840000
4.281795,0.061996107,16.880000
4.292298,0.062030348,16.920000
4.302272,0.062091981,16.960000
4.312549,0.062167311,17.000000
4.323294,0.062201551,17.040000
4.334015,0.062331666,17.080000
4.342992,0.062406995,17.120000
4.352896,0.062516565,17.160000
4.363341,0.062612439,17.200000
4.373617,0.062728857,17.240000
4.383778,0.062893212,17.280000
4.393847,0.063215074,17.320000
4.405639,0.064399801,17.360000
4.413145,0.066926760,17.400000
4.423579,0.075774542,17.440000
4.434481,0.074377524,17.480000
4.444540,0.074466549,17.520000
4.454679,0.074808956,17.560000
4.464678,0.075014400,17.600000
4.474760,0.075014400,17.640000
4.484835,0.075041792,17.680000
4.495425,0.075041792,17.720000
4.505377,0.075076033,17.760000
4.515230,0.075069185,17.800000
4.525569,0.075076033,17.840000
4.535975,0.075096577,17.880000
4.545306,0.075082881,17.920000
4.555786,0.075076033,17.960000
4.566533,0.075117122,18.000000
4.576303,0.075130818,18.040000
4.585966,0.075158210,18.080000
4.596222,0.075144514,18.120000
4.606388,0.075192451,18.160000
4.616312,0.075206147,18.200000
4.626628,0.075192451,18.240000
4.637140,0.075219844,18.280000
4.646872,0.075226692,18.320000
4.657031,0.075247236,18.360000
4.667141,0.075260932,18.400000
4.677184,0.075288325,18.440000
4.687319,0.075302021,18.480000
4.697331,0.075329414,18.520000
4.707354,0.075336262,18.560000
4.718134,0.075363654,18.600000
4.727726,0.075356806,18.640000
4.738001,0.075397895,18.680000
4.748224,0.075418439,18.720000
4.758602,0.075411591,18.760000
4.768619,0.075432136,18.800000
4.778777,0.075438984,18.840000
4.788900,0.075459528,18.880000
4.798983,0.075445832,18.920000
4.809145,0.075459528,18.960000
4.819462,0.075473224,19.000000
4.829549,0.075507465,19.040000
4.839530,0.075507465,19.080000
4.849674,0.075548554,19.120000
4.858989,0.075541706,19.160000
4.869693,0.075555402,19.200000
4.880104,0.075562250,19.240000
4.890274,0.075589643,19.280000
4.900330,0.075596491,19.320000
4.910425,0.075610187,19.360000
4.920589,0.075630731,19.400000
4.930497,0.075630731,19.440000
4.940469,0.075658124,19.480000
4.951065,0.075664972,19.520000
4.960854,0.075671820,19.560000
4.971030,0.075726605,19.600000
4.981108,0.075706061,19.640000
4.991169,0.075692365,19.680000
5.001159,0.075740301,19.720000
5.011336,0.075760846,19.760000
5.021752,0.075774542,19.800000
5.032025,0.075788238,19.840000
5.042378,0.075774542,19.880000
5.052356,0.075815631,19.920000
5.062019,0.075808783,19.960000
5.072367,0.075808783,20.000000
5.082890,0.075843023,20.000000
5.092828,0.075829327,19.960000
5.102961,0.075843023,19.920000
5.113044,0.075877264,19.880000
5.123092,0.075870416,19.840000
5.133236,0.075856720,19.800000
5.143323,0.075815631,19.760000
5.153423,0.075856720,19.720000
5.163557,0.075836175,19.680000
5.173818,0.075822479,19.640000
5.183977,0.075829327,19.600000
5.193910,0.075822479,19.560000
5.204189,0.075815631,19.520000
5.214230,0.075815631,19.480000
5.224613,0.075795086,19.440000
5.234363,0.075801935,19.400000
5.244539,0.075795086,19.360000
5.254611,0.075781390,19.320000
5.264704,0.075788238,19.280000
5.275006,0.075774542,19.240000
5.284952,0.075767694,19.200000
5.295153,0.075774542,19.160000
5.305065,0.075740301,19.120000
5.315445,0.075753998,19.080000
5.325826,0.075733453,19.040000
5.335955,0.075726605,19.000000
5.346324,0.075733453,18.960000
5.355233,0.075733453,18.920000
5.365923,0.075699213,18.880000
5.376119,0.075706061,18.840000
5.386741,0.075685516,18.800000
5.396549,0.075685516,18.760000
5.406588,0.075678668,18.720000
5.417135,0.075664972,18.680000
5.427078,0.075651276,18.640000
5.437046,0.075692365,18.600000
5.447546,0.075630731,18.560000
5.457371,0.075671820,18.520000
5.467597,0.075644428,18.480000
5.477563,0.075617035,18.440000
5.487845,0.075623883,18.400000
5.497937,0.075610187,18.360000
5.508369,0.075603339,18.320000
5.518246,0.075617035,18.280000
5.528271,0.075623883,18.240000
5.538395,0.075589643,18.200000
5.548270,0.075582794,18.160000
5.558368,0.075548554,18.120000
5.568702,0.075528009,18.080000
5.579016,0.075562250,18.040000
5.589245,0.075534858,18.000000
5.599362,0.075534858,17.960000
5.609527,0.075521161,17.920000
5.619689,0.075486921,17.880000
5.629796,0.075500617,17.840000
5.639916,0.075507465,17.800000
5.650078,0.075466376,17.760000
5.660166,0.075466376,17.720000
5.670228,0.075466376,17.680000
5.680524,0.075452680,17.640000
5.690610,0.075452680,17.600000
5.700766,0.075452680,17.560000
5.710823,0.075411591,17.520000
5.720959,0.075418439,17.480000
5.731206,0.075397895,17.440000
5.741113,0.075377351,17.400000
5.751222,0.075404743,17.360000
5.761358,0.075377351,17.320000
5.771519,0.075384199,17.280000
5.781969,0.075370502,17.240000
5.791920,0.075356806,17.200000
5.802082,0.075343110,17.160000
5.812093,0.075349958,17.120000
5.822173,0.075322566,17.080000
5.832128,0.075302021,17.040000
5.842627,0.075281477,17.000000
5.852430,0.075288325,16.960000
5.862195,0.075233540,16.920000
5.872520,0.075247236,16.880000
5.883163,0.075240388,16.840000
5.893237,0.075233540,16.800000
5.903359,0.075212996,16.760000
5.913509,0.075178755,16.720000
5.923420,0.075206147,16.680000
5.933780,0.075185603,16.640000
5.943741,0.075192451,16.600000
5.953897,0.075165059,16.560000
5.963807,0.075130818,16.520000
5.974105,0.075130818,16.480000
5.984241,0.075096577,16.440000
5.994193,0.075130818,16.400000
6.004343,0.075103425,16.360000
6.015258,0.075082881,16.320000
6.025072,0.075055489,16.280000
6.034851,0.075069185,16.240000
6.045521,0.075041792,16.200000
6.055354,0.075034944,16.160000
6.065428,0.075028096,16.120000
6.075810,0.074987007,16.080000
6.085655,0.074980159,16.040000
6.095723,0.074959615,16.000000
6.106086,0.074959615,15.960000
6.116435,0.074932222,15.920000
6.126505,0.074884285,15.880000
6.136513,0.074904830,15.840000
6.146584,0.074891133,15.800000
6.156873,0.074856893,15.760000
6.166807,0.074843197,15.720000
6.176990,0.074850045,15.680000
6.187123,0.074781563,15.640000
6.197147,0.074774715,15.600000
6.207198,0.074733627,15.560000
6.217290,0.074754171,15.520000
6.227571,0.074740475,15.480000
6.237935,0.074685690,15.440000
6.247584,0.074719930,15.400000
6.258332,0.074651449,15.360000
6.268475,0.074651449,15.320000
6.278106,0.074630905,15.280000
6.288228,0.074596664,15.240000
6.298250,0.074582968,15.200000
6.308566,0.074582968,15.160000
6.318769,0.074576120,15.120000
6.328851,0.074555575,15.080000
6.339154,0.074507638,15.040000
6.348998,0.074480246,15.000000
6.359052,0.074466549,14.960000
6.369366,0.074411764,14.920000
6.379480,0.074418613,14.880000
6.389682,0.074411764,14.840000
6.399643,0.074384372,14.800000
6.409857,0.074356979,14.760000
6.419935,0.074329587,14.720000
6.430237,0.074336435,14.680000
6.440084,0.074288498,14.640000
6.450454,0.074281650,14.600000
6.460641,0.074254258,14.560000
6.470513,0.074213169,14.520000
6.480807,0.074206321,14.480000
6.490943,0.074199472,14.440000
6.501066,0.074165232,14.400000
6.511246,0.074144687,14.360000
6.521366,0.074117295,14.320000
6.531487,0.074110447,14.280000
6.541772,0.074089902,14.240000
6.551814,0.074055662,14.200000
6.561095,0.074021421,14.160000
6.571528,0.073987181,14.120000
6.582367,0.073959788,14.080000
6.592325,0.073939244,14.040000
6.602441,0.073939244,14.000000
6.612977,0.073898155,13.960000
6.622789,0.073863914,13.920000
6.632796,0.073870762,13.880000
6.642961,0.073836522,13.840000
6.653147,0.073850218,13.800000
6.663197,0.073815977,13.760000
6.673392,0.073761192,13.720000
6.683509,0.073720103,13.680000
6.693751,0.073692711,13.640000
6.703607,0.073699559,13.600000
6.714026,0.073679015,13.560000
6.723795,0.073631078,13.520000
6.734092,0.073637926,13.480000
6.744222,0.073589989,13.440000
6.754186,0.073555748,13.400000
6.764339,0.073542052,13.360000
6.774764,0.073535204,13.320000
6.784781,0.073466723,13.280000
6.794982,0.073439330,13.240000
6.805639,0.073425634,13.200000
6.815067,0.073432482,13.160000
6.825176,0.073370849,13.120000
6.835147,0.073364001,13.080000
6.845879,0.073322912,13.040000
6.856290,0.073329760,13.000000
6.866122,0.073295520,12.960000
6.876012,0.073247583,12.920000
6.886333,0.073240734,12.880000
6.896445,0.073233886,12.840000
6.906429,0.073213342,12.800000
6.917146,0.073144861,12.760000
6.926815,0.073151709,12.720000
6.936836,0.073117468,12.680000
6.947107,0.073103772,12.640000
6.957299,0.073090076,12.600000
6.967313,0.073076379,12.560000
6.977352,0.073042139,12.520000
6.987910,0.073021594,12.480000
6.997995,0.072966809,12.440000
7.007773,0.072946265,12.400000
7.018038,0.072918872,12.360000
7.028237,0.072891480,12.320000
7.038220,0.072870936,12.280000
7.048386,0.072864087,12.240000
7.058649,0.072816151,12.200000
7.068586,0.072761365,12.160000
7.078797,0.072727125,12.120000
7.089385,0.072740821,12.080000
7.099079,0.072706580,12.040000
7.109308,0.072686036,12.000000
7.119134,0.072658644,11.960000
7.129291,0.072617555,11.920000
7.139464,0.072617555,11.880000
7.149615,0.072583314,11.840000
7.159837,0.072549074,11.800000
7.169856,0.072501137,11.760000
7.180006,0.072466896,11.720000
7.190110,0.072460048,11.680000
7.200444,0.072405263,11.640000
7.210891,0.072377870,11.600000
7.220743,0.072323085,11.560000
7.230465,0.072323085,11.520000
7.240996,0.072295693,11.480000
7.251271,0.072240908,11.440000
7.261220,0.072199819,11.400000
7.271241,0.072206667,11.360000
7.281579,0.072158730,11.320000
7.291592,0.072145034,11.280000
7.301449,0.072110793,11.240000
7.311253,0.072062856,11.200000
7.322285,0.072049160,11.160000
7.332154,0.072014919,11.120000
7.341860,0.071987527,11.080000
7.352329,0.071912198,11.040000
7.362441,0.071891653,11.000000
7.372456,0.071884805,10.960000
7.382613,0.071823172,10.920000
7.392864,0.071782083,10.880000
7.403020,0.071740994,10.840000
7.412871,0.071713602,10.800000
7.423055,0.071672513,10.760000
7.433405,0.071665665,10.720000
7.443167,0.071631424,10.680000
7.453137,0.071542399,10.640000
7.463380,0.071521854,10.600000
7.474180,0.071487614,10.560000
7.484117,0.071467069,10.520000
7.493684,0.071453373,10.480000
7.504053,0.071371195,10.440000
7.514706,0.071336955,10.400000
7.524269,0.071316410,10.360000
7.534573,0.071268473,10.320000
7.545290,0.071227385,10.280000
7.554599,0.071227385,10.240000
7.564942,0.071165752,10.200000
7.575253,0.071124663,10.160000
7.585441,0.071104118,10.120000
7.595054,0.071035637,10.080000
7.605624,0.071008245,10.040000
7.615419,0.070974004,10.000000
7.625851,0.070932915,9.960000
7.635867,0.070891826,9.920000
7.646086,0.070857586,9.880000
7.656239,0.070802801,9.840000
7.665989,0.070775408,9.800000
7.676496,0.070706927,9.760000
7.686626,0.070686383,9.720000
7.696781,0.070645294,9.680000
7.706865,0.070604205,9.640000
7.718879,0.070542572,9.600000
7.726919,0.070535724,9.560000
7.736949,0.070508331,9.520000
7.747801,0.070439850,9.480000
7.757184,0.070412457,9.440000
7.768008,0.070391913,9.400000
7.777882,0.070364521,9.360000
7.787868,0.070309735,9.320000
7.797942,0.070275495,9.280000
7.808372,0.070234406,9.240000
7.818343,0.070186469,9.200000
7.828332,0.070145380,9.160000
7.838554,0.070083747,9.120000
7.848709,0.070070051,9.080000
7.859138,0.070035810,9.040000
7.868860,0.069981025,9.000000
7.879237,0.069933088,8.960000
7.889429,0.069898848,8.920000
7.899619,0.069837215,8.880000
7.909915,0.069823518,8.840000
7.919531,0.069761885,8.800000
7.929708,0.069672860,8.760000
7.940186,0.069631771,8.720000
7.950219,0.069542745,8.680000
7.960911,0.069440023,8.640000
7.970496,0.069344149,8.600000
7.980557,0.069268820,8.560000
7.990870,0.069159250,8.520000
8.001280,0.069070224,8.480000
8.011332,0.068878477,8.440000
8.021389,0.068762058,8.400000
8.031437,0.068590855,8.360000
8.041600,0.068433348,8.320000
8.051771,0.068234753,8.280000
8.061837,0.067892346,8.240000
8.072013,0.067673206,8.200000
8.082217,0.067474610,8.160000
8.092413,0.067221230,8.120000
8.102561,0.066892519,8.080000
8.112530,0.066509024,8.040000
8.122660,0.066070744,8.000000
8.133004,0.065543438,7.960000
8.142994,0.065214728,7.920000
8.153056,0.065851604,7.880000
8.163059,0.065002436,7.840000
8.173784,0.065221576,7.800000
8.183705,0.065344842,7.760000
8.193424,0.065317450,7.720000
8.204106,0.065262665,7.680000
8.213794,0.065242120,7.640000
8.224093,0.065166791,7.600000
8.234450,0.065173639,7.560000
8.244749,0.065098310,7.520000
8.254575,0.065064069,7.480000
8.264802,0.065009284,7.440000
8.274841,0.064954499,7.400000
8.285051,0.064892866,7.360000
8.295305,0.064879170,7.320000
8.305466,0.064796992,7.280000
8.315633,0.064728511,7.240000
8.325916,0.064625789,7.200000
8.335981,0.064516219,7.160000
8.346509,0.064345016,7.120000
8.356478,0.064249142,7.080000
8.366523,0.064071090,7.040000
8.376436,0.063954672,7.000000
8.386596,0.063694443,6.960000
8.396759,0.063372581,6.920000
8.406870,0.063002782,6.880000
8.416996,0.062674072,6.840000
8.427266,0.062434388,6.800000
8.437275,0.062283729,6.760000
8.447931,0.062126222,6.720000
8.457063,0.062064589,6.680000
8.467329,0.061961867,6.640000
8.477145,0.061893386,6.600000
8.487297,0.061790664,6.560000
8.497074,0.061674245,6.520000
8.507248,0.061598916,6.480000
8.517461,0.061544131,6.440000
8.528402,0.061441409,6.400000
8.538336,0.061386624,6.360000
8.548432,0.061324991,6.320000
8.558198,0.061270206,6.280000
8.567961,0.061215421,6.240000
8.578224,0.061181180,6.200000
8.588854,0.061119547,6.160000
8.599069,0.061044218,6.120000
8.609642,0.061003129,6.080000
8.618962,0.060962040,6.040000
8.629945,0.060886711,6.000000
8.639255,0.060831926,5.960000
8.650196,0.060811381,5.920000
8.659747,0.060742900,5.880000
8.669543,0.060681267,5.840000
8.680937,0.060653874,5.800000
8.691041,0.060647026,5.760000
8.700418,0.060571697,5.720000
8.710160,0.060537456,5.680000
8.720090,0.060482671,5.640000
8.730344,0.060455279,5.600000
8.740531,0.060407342,5.560000
8.750519,0.060352557,5.520000
8.761137,0.060325164,5.480000
8.770741,0.060277227,5.440000
8.780851,0.060270379,5.400000
8.790959,0.060242987,5.360000
8.801305,0.060215594,5.320000
8.811126,0.060167657,5.280000
8.821819,0.060126568,5.240000
8.832135,0.060078631,5.200000
8.841615,0.060023846,5.160000
8.851532,0.060023846,5.120000
8.861688,0.060003302,5.080000
8.871737,0.059969061,5.040000
8.881978,0.059921125,5.000000
8.892203,0.059893732,4.960000
8.902121,0.059825251,4.920000
8.912499,0.059818403,4.880000
8.922395,0.059804706,4.840000
8.932527,0.059749921,4.800000
8.942570,0.059729377,4.760000
8.952814,0.059660896,4.720000
8.962775,0.059647199,4.680000
8.972838,0.059606111,4.640000
8.983063,0.059585566,4.600000
8.993394,0.059530781,4.560000
9.003509,0.059510237,4.520000
9.013727,0.059475996,4.480000
9.023951,0.059421211,4.440000
9.033786,0.059400667,4.400000
9.043933,0.059380122,4.360000
9.054546,0.059297945,4.320000
9.064380,0.059256856,4.280000
9.074222,0.059236312,4.240000
9.084674,0.059181527,4.200000
9.094544,0.059119893,4.160000
9.104790,0.059106197,4.120000
9.114692,0.059030868,4.080000
9.124702,0.058996627,4.040000
9.136296,0.058976083,4.000000
9.147642,0.058873361,3.960000
9.156639,0.058811728,3.920000
9.166034,0.058832272,3.880000
9.176643,0.058722702,3.840000
9.186235,0.058702158,3.800000
9.196501,0.058619980,3.760000
9.207203,0.058578891,3.720000
9.217220,0.058537803,3.680000
9.226863,0.058455625,3.640000
9.237467,0.058428233,3.600000
9.247766,0.058339207,3.560000
9.257630,0.058277574,3.520000
9.268282,0.058188548,3.480000
9.277478,0.058106370,3.440000
9.287644,0.058099522,3.400000
9.297859,0.058037889,3.360000
9.308058,0.057962560,3.320000
9.318515,0.057900927,3.280000
9.328739,0.057839293,3.240000
9.338472,0.057798205,3.200000
9.348415,0.057722875,3.160000
9.358722,0.057688635,3.120000
9.369063,0.057633850,3.080000
9.379035,0.057585913,3.040000
9.389136,0.057531128,3.000000
9.399229,0.057442102,2.960000
9.409120,0.057366773,2.920000
9.419406,0.057318836,2.880000
9.429621,0.057277747,2.840000
9.439818,0.057195569,2.800000
9.449985,0.057175025,2.760000
9.460146,0.057092847,2.720000
9.470439,0.057058607,2.680000
9.480414,0.056962733,2.640000
9.490490,0.056942189,2.600000
9.500515,0.056853163,2.560000
9.510812,0.056805226,2.520000
9.520947,0.056688808,2.480000
9.530997,0.056640871,2.440000
9.541058,0.056572390,2.400000
9.551075,0.056442275,2.360000
9.561224,0.056408035,2.320000
9.571728,0.056284768,2.280000
9.582088,0.056168350,2.240000
9.592118,0.056072476,2.200000
9.602722,0.055962906,2.160000
9.612101,0.055853336,2.120000
9.622211,0.055702677,2.080000
9.632621,0.055565715,2.040000
9.642748,0.055428752,2.000000
9.653246,0.055312334,1.960000
9.667130,0.055195916,1.920000
9.675843,0.055086346,1.880000
9.685351,0.054963079,1.840000
9.694317,0.054860358,1.800000
9.703115,0.054764484,1.760000
9.713918,0.054654914,1.720000
9.724226,0.054552192,1.680000
9.734351,0.054483710,1.640000
9.745013,0.054374140,1.600000
9.754740,0.054250874,1.560000
9.764858,0.054161848,1.520000
9.775146,0.054038582,1.480000
9.785007,0.053908468,1.440000
9.795404,0.053778353,1.400000
9.805289,0.053655087,1.360000
9.815641,0.053477036,1.320000
9.825480,0.053360617,1.280000
9.835547,0.053230503,1.240000
9.845697,0.053127781,1.200000
9.855846,0.052990818,1.160000
9.866036,0.052860704,1.120000
9.876121,0.052737438,1.080000
9.886250,0.052621020,1.040000
9.896364,0.052531994,1.000000
9.907016,0.052381335,0.960000
9.916245,0.052264917,0.920000
9.926861,0.052155347,0.880000
9.937605,0.052052625,0.840000
9.946647,0.051963599,0.800000
9.957055,0.051854029,0.760000
9.967313,0.051730763,0.720000
9.977089,0.051600648,0.680000
9.988268,0.051484230,0.640000
9.998091,0.051340419,0.600000
10.008101,0.051141824,0.560000
10.018234,0.050908987,0.520000
10.028202,0.050635062,0.480000
10.038226,0.050272111,0.440000
10.048564,0.049970794,0.400000
10.058690,0.049744806,0.360000
10.069004,0.049484577,0.320000
10.079157,0.049285981,0.280000
10.088892,0.049073689,0.240000
10.099279,0.048895638,0.200000
10.110006,0.048669649,0.160000
10.119936,0.048443661,0.120000
10.129852,0.048128647,0.080000
10.140007,0.047882115,0.040000
10.150336,0.047628734,0.000000
10.160513,0.047416442,0.000000
10.170513,0.047313720,-0.040000
10.180614,0.047204150,-0.080000
10.191021,0.047094580,-0.120000
10.201130,0.047012402,-0.160000
10.210957,0.046895984,-0.200000
10.221401,0.046834351,-0.240000
10.231578,0.046759022,-0.280000
10.241730,0.046676844,-0.320000
10.251938,0.046553578,-0.360000
10.262135,0.046491945,-0.400000
10.272073,0.046437159,-0.440000
10.282263,0.046354982,-0.480000
10.292624,0.046218019,-0.520000
10.302815,0.046176931,-0.560000
10.312752,0.046081057,-0.600000
10.323030,0.046087905,-0.640000
10.333398,0.045971487,-0.680000
10.343758,0.045957790,-0.720000
10.353675,0.045889309,-0.760000
10.364031,0.045834524,-0.800000
10.374117,0.045772891,-0.840000
10.383803,0.045670169,-0.880000
10.394019,0.045546903,-0.920000
10.404390,0.045416788,-0.960000
10.414669,0.045238737,-1.000000
10.424753,0.045040141,-1.040000
10.434675,0.044814153,-1.080000
10.444948,0.044642950,-1.120000
10.455788,0.044403265,-1.160000
10.464999,0.044190973,-1.200000
10.475110,0.043964985,-1.240000
10.485225,0.043615731,-1.280000
10.495132,0.043245932,-1.320000
10.505474,0.042574815,-1.360000
10.515800,0.041499659,-1.400000
10.525990,0.040732668,-1.440000
10.536148,0.039691753,-1.480000
10.546286,0.038335823,-1.520000
10.556642,0.037301756,-1.560000
10.566355,0.036178663,-1.600000
10.576533,0.035411673,-1.640000
10.587118,0.034658378,-1.680000
10.597064,0.034404998,-1.720000
10.607103,0.034281731,-1.760000
10.617335,0.034165313,-1.800000
10.627285,0.034117376,-1.840000
10.637514,0.034014654,-1.880000
10.647524,0.033911932,-1.920000
10.658047,0.033809210,-1.960000
10.668044,0.033768122,-2.000000
10.678191,0.033692792,-2.040000
10.688067,0.033672248,-2.080000
10.698268,0.033562678,-2.120000
10.708440,0.033487348,-2.160000
10.718742,0.033418867,-2.200000
10.728683,0.033343538,-2.240000
10.738804,0.033206575,-2.280000
10.748931,0.033131246,-2.320000
10.759020,0.033042220,-2.360000
10.769352,0.032912106,-2.400000
10.779072,0.032816232,-2.440000
10.789468,0.032658725,-2.480000
10.799612,0.032508066,-2.520000
10.809634,0.032371104,-2.560000
10.819806,0.032158812,-2.600000
10.829947,0.032021849,-2.640000
10.840038,0.031836949,-2.680000
10.850218,0.031734228,-2.720000
10.860219,0.031563024,-2.760000
10.870311,0.031426062,-2.800000
10.880510,0.031295947,-2.840000
10.890730,0.031165833,-2.880000
10.900820,0.031090503,-2.920000
10.910897,0.030864515,-2.960000
10.921079,0.030700160,-3.000000
10.931171,0.030487868,-3.040000
10.941186,0.030083829,-3.080000
10.951272,0.029186724,-3.120000
10.961451,0.028515607,-3.160000
10.971707,0.028001998,-3.200000
10.981836,0.027454147,-3.240000
10.991908,0.026817271,-3.280000
11.002049,0.025961255,-3.320000
11.012138,0.024940884,-3.360000
11.022229,0.023447992,-3.400000
11.032366,0.022728939,-3.440000
11.042459,0.022215329,-3.480000
11.052681,0.021866074,-3.520000
11.062795,0.021551060,-3.560000
11.072870,0.021304528,-3.600000
11.083004,0.021147021,-3.640000
11.093162,0.021037451,-3.680000
11.102901,0.020859399,-3.720000
11.113688,0.020797766,-3.760000
11.124021,0.020619715,-3.800000
11.133836,0.020510145,-3.840000
11.143876,0.020421119,-3.880000
11.153960,0.020270460,-3.920000
11.164166,0.020112953,-3.960000
11.174103,0.019982839,-4.000000
11.184351,0.019845876,-4.040000
11.194445,0.019640433,-4.080000
11.204557,0.019448685,-4.120000
11.214823,0.019263786,-4.160000
11.224772,0.019072038,-4.200000
11.234632,0.018873442,-4.240000
11.244922,0.018715935,-4.280000
11.255153,0.018578973,-4.320000
11.265352,0.018537884,-4.360000
11.275270,0.018469403,-4.400000
11.285752,0.018352984,-4.440000
11.295738,0.018257111,-4.480000
11.306051,0.018195477,-4.520000
11.316306,0.018154389,-4.560000
11.325116,0.018079059,-4.600000
11.336032,0.018003730,-4.640000
11.346422,0.017914704,-4.680000
11.356572,0.017853071,-4.720000
11.366777,0.017791438,-4.760000
11.376886,0.017716108,-4.800000
11.386710,0.017647627,-4.840000
11.397075,0.017599690,-4.880000
11.407190,0.017524361,-4.920000
11.417422,0.017407943,-4.960000
11.427735,0.017353158,-5.000000
11.437320,0.017250436,-5.040000
11.447805,0.017209347,-5.080000
11.457907,0.017106625,-5.120000
11.468137,0.017003903,-5.160000
11.478259,0.016942270,-5.200000
11.488515,0.016832700,-5.240000
11.498138,0.016736826,-5.280000
11.508407,0.016640952,-5.320000
11.518732,0.016517686,-5.360000
11.528928,0.016421812,-5.400000
11.539117,0.016305394,-5.440000
11.548623,0.016216368,-5.480000
11.559955,0.016079406,-5.520000
11.569287,0.015990380,-5.560000
11.579350,0.015887658,-5.600000
11.589485,0.015778088,-5.640000
11.599955,0.015641126,-5.680000
11.609864,0.015517859,-5.720000
11.619695,0.015401441,-5.760000
11.630234,0.015154908,-5.800000
11.640488,0.014764565,-5.840000
11.650555,0.013915397,-5.880000
11.661008,0.010909069,-5.920000
11.670717,0.004814234,-5.960000
11.680427,0.000890257,-6.000000
11.690728,0.000390343,-6.040000
11.701284,-0.000219140,-6.080000
11.711231,-0.000451976,-6.120000
11.721487,-0.000821775,-6.160000
11.731560,-0.001218967,-6.200000
11.741558,-0.001828450,-6.240000
11.751765,-0.002698163,-6.280000
11.762170,-0.003787015,-6.320000
11.772177,-0.005320996,-6.360000
11.782525,-0.005485351,-6.400000
11.792836,-0.005718187,-6.440000
11.802628,-0.005772972,-6.480000
11.812709,-0.005855150,-6.520000
11.822824,-0.005957872,-6.560000
11.833006,-0.006094834,-6.600000
11.843143,-0.006272886,-6.640000
11.853205,-0.006457785,-6.680000
11.863748,-0.006738558,-6.720000
11.873262,-0.006964547,-6.760000
11.883424,-0.007300105,-6.800000
11.893540,-0.007587726,-6.840000
11.903972,-0.007827411,-6.880000
11.913502,-0.007964373,-6.920000
11.923954,-0.008128729,-6.960000
11.934750,-0.008231450,-7.000000
11.944398,-0.008293084,-7.040000
11.954562,-0.008409502,-7.080000
11.964801,-0.008532768,-7.120000
11.975147,-0.008594401,-7.160000
11.984874,-0.008669731,-7.200000
11.995503,-0.008731364,-7.240000
12.005445,-0.008813541,-7.280000
12.015295,-0.008861478,-7.320000
12.025476,-0.008991593,-7.360000
12.035846,-0.009018985,-7.400000
12.045795,-0.009094315,-7.440000
12.055905,-0.009162796,-7.480000
12.066129,-0.009224429,-7.520000
12.076144,-0.009292910,-7.560000
12.086578,-0.009388784,-7.600000
12.096369,-0.009484658,-7.640000
12.106542,-0.009539443,-7.680000
12.116905,-0.009635317,-7.720000
12.126656,-0.009717494,-7.760000
12.136915,-0.009779128,-7.800000
12.147024,-0.009888698,-7.840000
12.157307,-0.009957179,-7.880000
12.167159,-0.010073597,-7.920000
12.177443,-0.010148926,-7.960000
12.187425,-0.010231104,-8.000000
12.197474,-0.010313282,-8.040000
12.208443,-0.010388611,-8.080000
12.217978,-0.010457092,-8.120000
12.228127,-0.010546118,-8.160000
12.238141,-0.010614599,-8.200000
12.248262,-0.010689929,-8.240000
12.258567,-0.010765258,-8.280000
12.268709,-0.010820043,-8.320000
12.278836,-0.010915917,-8.360000
12.288906,-0.010963854,-8.400000
12.299053,-0.011046031,-8.440000
12.309173,-0.011052879,-8.480000
12.319141,-0.011135057,-8.520000
12.329260,-0.011176146,-8.560000
12.339517,-0.011224083,-8.600000
12.349710,-0.011333653,-8.640000
12.359834,-0.011381590,-8.680000
12.369942,-0.011484312,-8.720000
12.379856,-0.011566489,-8.760000
12.390121,-0.011662363,-8.800000
12.400183,-0.011682907,-8.840000
12.410322,-0.011771933,-8.880000
12.420489,-0.011840414,-8.920000
12.430871,-0.011908895,-8.960000
12.440664,-0.011943136,-9.000000
12.450904,-0.012045858,-9.040000
12.461081,-0.012114339,-9.080000
12.470811,-0.012189669,-9.120000
12.481798,-0.012237606,-9.160000
12.491497,-0.012299239,-9.200000
12.501451,-0.012367720,-9.240000
12.511279,-0.012429353,-9.280000
12.521660,-0.012525227,-9.320000
12.531853,-0.012627949,-9.360000
12.541718,-0.012689582,-9.400000
12.552026,-0.012744367,-9.440000
12.562224,-0.012764912,-9.480000
12.572365,-0.012840241,-9.520000
12.582505,-0.012888178,-9.560000
12.592665,-0.012949811,-9.600000
12.602695,-0.012984052,-9.640000
12.612950,-0.013066229,-9.680000
12.623184,-0.013141559,-9.720000
12.633176,-0.013168951,-9.760000
12.643271,-0.013175799,-9.800000
12.653522,-0.013264825,-9.840000
12.663716,-0.013271673,-9.880000
12.673859,-0.013299066,-9.920000
12.684322,-0.013347002,-9.960000
12.693932,-0.013408636,-10.000000
12.703885,-0.013422332,-10.040000
12.714912,-0.013456573,-10.080000
12.724394,-0.013504509,-10.120000
12.734611,-0.013538750,-10.160000
12.744860,-0.013600383,-10.200000
12.754937,-0.013634624,-10.240000
12.765377,-0.013641472,-10.280000
12.775364,-0.013682561,-10.320000
12.785662,-0.013696257,-10.360000
12.795488,-0.013751042,-10.400000
12.805639,-0.013771586,-10.440000
12.816171,-0.013778435,-10.480000
12.826246,-0.013833220,-10.520000
12.836562,-0.013846916,-10.560000
12.846703,-0.013908549,-10.600000
12.856872,-0.013949638,-10.640000
12.867066,-0.013956486,-10.680000
12.877267,-0.014004423,-10.720000
12.887310,-0.014004423,-10.760000
12.897732,-0.014052360,-10.800000
12.907520,-0.014059208,-10.840000
12.917886,-0.014100297,-10.880000
12.928149,-0.014161930,-10.920000
12.937964,-0.014182474,-10.960000
12.948109,-0.014230411,-11.000000
12.958118,-0.014237259,-11.040000
12.968266,-0.014305740,-11.080000
12.978593,-0.014319437,-11.120000
12.988915,-0.014346829,-11.160000
12.998995,-0.014381070,-11.200000
13.009189,-0.014422159,-11.240000
13.019183,-0.014463247,-11.280000
13.029675,-0.014511184,-11.320000
13.039603,-0.014552273,-11.360000
13.049966,-0.014552273,-11.400000
13.059553,-0.014600210,-11.440000
13.069723,-0.014648147,-11.480000
13.079916,-0.014668691,-11.520000
13.090182,-0.014737173,-11.560000
13.100828,-0.014757717,-11.600000
13.110899,-0.014805654,-11.640000
13.120950,-0.014819350,-11.680000
13.130947,-0.015195997,-11.720000
13.141064,-0.015230238,-11.760000
13.151268,-0.015209693,-11.800000
13.161681,-0.015291871,-11.840000
13.171568,-0.015387745,-11.880000
13.181611,-0.015408289,-11.920000
13.191914,-0.015490467,-11.960000
13.201809,-0.015531555,-12.000000
13.211942,-0.015593189,-12.040000
13.222077,-0.015668518,-12.080000
13.232198,-0.015778088,-12.120000
13.242118,-0.015805481,-12.160000
13.252432,-0.015873962,-12.200000
13.262549,-0.015921899,-12.240000
13.272695,-0.016031469,-12.280000
13.282719,-0.016093102,-12.320000
13.292825,-0.016175280,-12.360000
13.302935,-0.016305394,-12.400000
13.313077,-0.016408116,-12.440000
13.323139,-0.016503990,-12.480000
13.333620,-0.016661497,-12.520000
13.343791,-0.016880637,-12.560000
13.353704,-0.017312069,-12.600000
13.363936,-0.018373529,-12.640000
13.374027,-0.022256418,-12.680000
13.384276,-0.029577067,-12.720000
13.394247,-0.028967584,-12.760000
13.403769,-0.029241509,-12.800000
13.414599,-0.029405864,-12.840000
13.424921,-0.029474345,-12.880000
13.434793,-0.029467497,-12.920000
13.445067,-0.029474345,-12.960000
13.455427,-0.029563371,-13.000000
13.465267,-0.029583915,-13.040000
13.475123,-0.029577067,-13.080000
13.484952,-0.029638700,-13.120000
13.494801,-0.029693485,-13.160000
13.504749,-0.029707182,-13.200000
13.514799,-0.029741422,-13.240000
13.525308,-0.029782511,-13.280000
13.537030,-0.029775663,-13.320000
13.546466,-0.029789359,-13.360000
13.555922,-0.029844144,-13.400000
13.566094,-0.029871537,-13.440000
13.576021,-0.029885233,-13.480000
13.586642,-0.029940018,-13.520000
13.597064,-0.029953714,-13.560000
13.606825,-0.029974259,-13.600000
13.616915,-0.029987955,-13.640000
13.627064,-0.030056436,-13.680000
13.637153,-0.030042740,-13.720000
13.647388,-0.030042740,-13.760000
13.657597,-0.030104373,-13.800000
13.667618,-0.030138614,-13.840000
13.677901,-0.030138614,-13.880000
13.687900,-0.030152310,-13.920000
13.697917,-0.030186551,-13.960000
13.708124,-0.030207095,-14.000000
13.718377,-0.030220791,-14.040000
13.728123,-0.030289272,-14.080000
13.738260,-0.030282424,-14.120000
13.748567,-0.030316665,-14.160000
13.758667,-0.030316665,-14.200000
13.769018,-0.030330361,-14.240000
13.778879,-0.030357754,-14.280000
13.788993,-0.030398842,-14.320000
13.799329,-0.030405691,-14.360000
13.809643,-0.030426235,-14.400000
13.819372,-0.030439931,-14.440000
13.829466,-0.030487868,-14.480000
13.839925,-0.030494716,-14.520000
13.850014,-0.030528957,-14.560000
13.860152,-0.030556349,-14.600000
13.870165,-0.030570046,-14.640000
13.880392,-0.030570046,-14.680000
13.890424,-0.030631679,-14.720000
13.900504,-0.030624831,-14.760000
13.910719,-0.030645375,-14.800000
13.920815,-0.030679616,-14.840000
13.931102,-0.030707008,-14.880000
13.941118,-0.030707008,-14.920000
13.951087,-0.030741249,-14.960000
13.961500,-0.030754945,-15.000000
13.971710,-0.030789186,-15.040000
13.981774,-0.030816578,-15.080000
13.991695,-0.030864515,-15.120000
14.002135,-0.030816578,-15.160000
14.012125,-0.030905604,-15.200000
14.022814,-0.030891908,-15.240000
14.032560,-0.030939845,-15.280000
14.042536,-0.030939845,-15.320000
14.052804,-0.030939845,-15.360000
14.062901,-0.030980933,-15.400000
14.072892,-0.031042567,-15.440000
14.082928,-0.031049415,-15.480000
14.093312,-0.031083655,-15.520000
14.103414,-0.031111048,-15.560000
14.113527,-0.031124744,-15.600000
14.123730,-0.031193225,-15.640000
14.133916,-0.031220618,-15.680000
14.144043,-0.031234314,-15.720000
14.154195,-0.031275403,-15.760000
14.164421,-0.031289099,-15.800000
14.174546,-0.031309644,-15.840000
14.184943,-0.031357580,-15.880000
14.194274,-0.031384973,-15.920000
14.204766,-0.031419214,-15.960000
14.214502,-0.031460302,-16.000000
14.225019,-0.031480847,-16.040000
14.234633,-0.031508239,-16.080000
14.244298,-0.031556176,-16.120000
14.255307,-0.031590417,-16.160000
14.265761,-0.031645202,-16.200000
14.275169,-0.031652050,-16.240000
14.285255,-0.031658898,-16.280000
14.295484,-0.031747924,-16.320000
14.305345,-0.031741076,-16.360000
14.315468,-0.031809557,-16.400000
14.325376,-0.031871190,-16.440000
14.335430,-0.031850646,-16.480000
14.345793,-0.031891735,-16.520000
14.355808,-0.031987608,-16.560000
14.365926,-0.032008153,-16.600000
14.375901,-0.032042393,-16.640000
14.385879,-0.032083482,-16.680000
14.396457,-0.032131419,-16.720000
14.407177,-0.032206748,-16.760000
14.416376,-0.032254685,-16.800000
14.426519,-0.032261533,-16.840000
14.436793,-0.032309470,-16.880000
14.446937,-0.032377952,-16.920000
14.456840,-0.032446433,-16.960000
14.467009,-0.032453281,-17.000000
14.477012,-0.032501218,-17.040000
14.487136,-0.032549155,-17.080000
14.497341,-0.032617636,-17.120000
14.507624,-0.032665573,-17.160000
14.517862,-0.032727206,-17.200000
14.528145,-0.032781991,-17.240000
14.538051,-0.032877865,-17.280000
14.548043,-0.032980587,-17.320000
14.558164,-0.033131246,-17.360000
14.568771,-0.033316145,-17.400000
14.579062,-0.033617463,-17.440000
14.589748,-0.033905084,-17.480000
14.599221,-0.034199554,-17.520000
14.608972,-0.035171988,-17.560000
14.619060,-0.039150751,-17.600000
14.629216,-0.046245412,-17.640000
14.639151,-0.045608536,-17.680000
14.649317,-0.045300370,-17.720000
14.659438,-0.045423636,-17.760000
14.669564,-0.045574295,-17.800000
14.679702,-0.045601688,-17.840000
14.689810,-0.045615384,-17.880000
14.700483,-0.045677017,-17.920000
14.710974,-0.045670169,-17.960000
14.720746,-0.045704410,-18.000000
14.730884,-0.045718106,-18.040000
14.742208,-0.045759195,-18.080000
14.751156,-0.045745498,-18.120000
14.762344,-0.045779739,-18.160000
14.772978,-0.045813980,-18.200000
14.782123,-0.045800284,-18.240000
14.791794,-0.045807132,-18.280000
14.802558,-0.045820828,-18.320000
14.813549,-0.045875613,-18.360000
14.822692,-0.045875613,-18.400000
14.832566,-0.045916702,-18.440000
14.842871,-0.045923550,-18.480000
14.853256,-0.045957790,-18.520000
14.863282,-0.045930398,-18.560000
14.873250,-0.045971487,-18.600000
14.883162,-0.045971487,-18.640000
14.894726,-0.046019424,-18.680000
14.903744,-0.046019424,-18.720000
14.913821,-0.046039968,-18.760000
14.923957,-0.046087905,-18.800000
14.934057,-0.046101601,-18.840000
14.944234,-0.046087905,-18.880000
14.954376,-0.046122146,-18.920000
14.964463,-0.046135842,-18.960000
14.974547,-0.046128994,-19.000000
14.984656,-0.046156386,-19.040000
14.995000,-0.046190627,-19.080000
15.005572,-0.046211171,-19.120000
15.015255,-0.046218019,-19.160000
15.025260,-0.046224867,-19.200000
15.035374,-0.046224867,-19.240000
15.045610,-0.046252260,-19.280000
15.055544,-0.046265956,-19.320000
15.065776,-0.046293349,-19.360000
15.076075,-0.046320741,-19.400000
15.086320,-0.046334438,-19.440000
15.096070,-0.046320741,-19.480000
15.106467,-0.046341286,-19.520000
15.116487,-0.046368678,-19.560000
15.126657,-0.046368678,-19.600000
15.136860,-0.046402919,-19.640000
15.146960,-0.046409767,-19.680000
15.157045,-0.046396071,-19.720000
15.166873,-0.046437159,-19.760000
15.177032,-0.046450856,-19.800000
15.188395,-0.046464552,-19.840000
15.197564,-0.046485096,-19.880000
15.207350,-0.046464552,-19.920000
15.218204,-0.046498793,-19.960000
15.228297,-0.046526185,-20.000000
15.238719,-0.046546730,-20.000000
15.249025,-0.046553578,-19.960000
15.258557,-0.046574122,-19.920000
15.268877,-0.046567274,-19.880000
15.279053,-0.046553578,-19.840000
15.289176,-0.046567274,-19.800000
15.299228,-0.046560426,-19.760000
15.309098,-0.046574122,-19.720000
15.319235,-0.046539881,-19.680000
15.329934,-0.046526185,-19.640000
15.339698,-0.046539881,-19.600000
15.349841,-0.046505641,-19.560000
15.360142,-0.046498793,-19.520000
15.369991,-0.046505641,-19.480000
15.380151,-0.046491945,-19.440000
15.390109,-0.046485096,-19.400000
15.400241,-0.046485096,-19.360000
15.410396,-0.046450856,-19.320000
15.421319,-0.046457704,-19.280000
15.431132,-0.046471400,-19.240000
15.440792,-0.046437159,-19.200000
15.450564,-0.046444008,-19.160000
15.461586,-0.046409767,-19.120000
15.472214,-0.046416615,-19.080000
15.482612,-0.046402919,-19.040000
15.491212,-0.046402919,-19.000000
15.501160,-0.046416615,-18.960000
15.512136,-0.046389223,-18.920000
15.521355,-0.046396071,-18.880000
15.531726,-0.046382374,-18.840000
15.542206,-0.046368678,-18.800000
15.552144,-0.046375526,-18.760000
15.562472,-0.046382374,-18.720000
15.572918,-0.046354982,-18.680000
15.582936,-0.046354982,-18.640000
15.593082,-0.046286501,-18.600000
15.603115,-0.046313893,-18.560000
15.613018,-0.046293349,-18.520000
15.623282,-0.046300197,-18.480000
15.633755,-0.046300197,-18.440000
15.643279,-0.046265956,-18.400000
15.653608,-0.046245412,-18.360000
15.664031,-0.046224867,-18.320000
15.674152,-0.046231716,-18.280000
15.684604,-0.046238564,-18.240000
15.694015,-0.046231716,-18.200000
15.704524,-0.046238564,-18.160000
15.714641,-0.046231716,-18.120000
15.724556,-0.046204323,-18.080000
15.734935,-0.046197475,-18.040000
15.744944,-0.046183779,-18.000000
15.754952,-0.046156386,-17.960000
15.765273,-0.046156386,-17.920000
15.775374,-0.046170082,-17.880000
15.785511,-0.046163234,-17.840000
15.795711,-0.046142690,-17.800000
15.805797,-0.046149538,-17.760000
15.815951,-0.046122146,-17.720000
15.826122,-0.046108449,-17.680000
15.836131,-0.046108449,-17.640000
15.846261,-0.046108449,-17.600000
15.856584,-0.046101601,-17.560000
15.866648,-0.046039968,-17.520000
15.876725,-0.046081057,-17.480000
15.886970,-0.046060512,-17.440000
15.897184,-0.046033120,-17.400000
15.907035,-0.045998879,-17.360000
15.917367,-0.046005727,-17.320000
15.927621,-0.046019424,-17.280000
15.937721,-0.046005727,-17.240000
15.947862,-0.045971487,-17.200000
15.958149,-0.045957790,-17.160000
15.968065,-0.045937246,-17.120000
15.978276,-0.045916702,-17.080000
15.988458,-0.045923550,-17.040000
15.998659,-0.045882461,-17.000000
16.008681,-0.045903005,-16.960000
16.019020,-0.045855069,-16.920000
16.028770,-0.045861917,-16.880000
16.039501,-0.045861917,-16.840000
16.049588,-0.045834524,-16.800000
16.059241,-0.045841372,-16.760000
16.069413,-0.045820828,-16.720000
16.080205,-0.045813980,-16.680000
16.089987,-0.045820828,-16.640000
16.099998,-0.045807132,-16.600000
16.110456,-0.045779739,-16.560000
16.119978,-0.045752347,-16.520000
16.130430,-0.045731802,-16.480000
16.140286,-0.045711258,-16.440000
16.150482,-0.045690713,-16.400000
16.160405,-0.045677017,-16.360000
16.170530,-0.045642777,-16.320000
16.180940,-0.045635928,-16.280000
16.191092,-0.045622232,-16.240000
16.201009,-0.045594840,-16.200000
16.211221,-0.045608536,-16.160000
16.221481,-0.045574295,-16.120000
16.231299,-0.045546903,-16.080000
16.241570,-0.045560599,-16.040000
16.251806,-0.045546903,-16.000000
16.261821,-0.045519510,-15.960000
16.272495,-0.045512662,-15.920000
16.282251,-0.045492118,-15.880000
16.292440,-0.045478421,-15.840000
16.302466,-0.045423636,-15.800000
16.312374,-0.045416788,-15.760000
16.322653,-0.045416788,-15.720000
16.333416,-0.045396244,-15.680000
16.343079,-0.045375700,-15.640000
16.352888,-0.045348307,-15.600000
16.363000,-0.045307218,-15.560000
16.373359,-0.045314066,-15.520000
16.383423,-0.045279826,-15.480000
16.393615,-0.045286674,-15.440000
16.403799,-0.045272978,-15.400000
16.414021,-0.045252433,-15.360000
16.424162,-0.045225041,-15.320000
16.434007,-0.045177104,-15.280000
16.444134,-0.045136015,-15.240000
16.454161,-0.045136015,-15.200000
16.464379,-0.045074382,-15.160000
16.474588,-0.045074382,-15.120000
16.484872,-0.045060686,-15.080000
16.494698,-0.045046989,-15.040000
16.504964,-0.045026445,-15.000000
16.515316,-0.044978508,-14.960000
16.525377,-0.044978508,-14.920000
16.535039,-0.044951116,-14.880000
16.545347,-0.044916875,-14.840000
16.555912,-0.044910027,-14.800000
16.565435,-0.044841546,-14.760000
16.576322,-0.044855242,-14.720000
16.586432,-0.044834697,-14.680000
16.596425,-0.044800457,-14.640000
16.606311,-0.044786761,-14.600000
16.616698,-0.044731975,-14.560000
16.626951,-0.044697735,-14.520000
16.637352,-0.044690887,-14.480000
16.647240,-0.044663494,-14.440000
16.657271,-0.044636102,-14.400000
16.667540,-0.044622405,-14.360000
16.677748,-0.044595013,-14.320000
16.687914,-0.044560772,-14.280000
16.698131,-0.044512835,-14.240000
16.708079,-0.044512835,-14.200000
16.718340,-0.044464898,-14.160000
16.728529,-0.044430658,-14.120000
16.738788,-0.044403265,-14.080000
16.748720,-0.044389569,-14.040000
16.758752,-0.044355328,-14.000000
16.768810,-0.044321088,-13.960000
16.779227,-0.044307392,-13.920000
16.789246,-0.044266303,-13.880000
16.799328,-0.044225214,-13.840000
16.809888,-0.044211518,-13.800000
16.820097,-0.044204670,-13.760000
16.829900,-0.044170429,-13.720000
16.840213,-0.044129340,-13.680000
16.850008,-0.044122492,-13.640000
16.860427,-0.044095100,-13.600000
16.870618,-0.044067707,-13.560000
16.881730,-0.044033466,-13.520000
16.890675,-0.043999226,-13.480000
16.901206,-0.043978681,-13.440000
16.911301,-0.043958137,-13.400000
16.921261,-0.043889656,-13.360000
16.931010,-0.043903352,-13.320000
16.941427,-0.043882808,-13.280000
16.951827,-0.043841719,-13.240000
16.961841,-0.043786934,-13.200000
16.972236,-0.043759541,-13.160000
16.982177,-0.043745845,-13.120000
16.992150,-0.043718452,-13.080000
17.002085,-0.043677364,-13.040000
17.012663,-0.043636275,-13.000000
17.022671,-0.043629427,-12.960000
17.032542,-0.043588338,-12.920000
17.042862,-0.043581490,-12.880000
17.052742,-0.043526705,-12.840000
17.062952,-0.043471920,-12.800000
17.073201,-0.043458224,-12.760000
17.083305,-0.043437679,-12.720000
17.093529,-0.043403439,-12.680000
17.103325,-0.043396590,-12.640000
17.113657,-0.043348654,-12.600000
17.123772,-0.043307565,-12.560000
17.133929,-0.043293868,-12.520000
17.143867,-0.043232235,-12.480000
17.153792,-0.043197995,-12.440000
17.164373,-0.043170602,-12.400000
17.174940,-0.043129513,-12.360000
17.184840,-0.043102121,-12.320000
17.194934,-0.043102121,-12.280000
17.204958,-0.043054184,-12.240000
17.215757,-0.043019943,-12.200000
17.225415,-0.042972006,-12.160000
17.235302,-0.042965158,-12.120000
17.245277,-0.042930918,-12.080000
17.255381,-0.042889829,-12.040000
17.265446,-0.042862436,-12.000000
17.275580,-0.042848740,-11.960000
17.286105,-0.042780259,-11.920000
17.296116,-0.042739170,-11.880000
17.305959,-0.042691233,-11.840000
17.316381,-0.042656993,-11.800000
17.326451,-0.042643296,-11.760000
17.336329,-0.042629600,-11.720000
17.346426,-0.042574815,-11.680000
17.356604,-0.042499486,-11.640000
17.366997,-0.042472093,-11.600000
17.377111,-0.042458397,-11.560000
17.387320,-0.042376219,-11.520000
17.397924,-0.042314586,-11.480000
17.407150,-0.042314586,-11.440000
17.417332,-0.042252953,-11.400000
17.427943,-0.042205016,-11.360000
17.437935,-0.042150231,-11.320000
17.447926,-0.042150231,-11.280000
17.458145,-0.042081750,-11.240000
17.468206,-0.042040661,-11.200000
17.478389,-0.041992724,-11.160000
17.488478,-0.041951635,-11.120000
17.498384,-0.041917395,-11.080000
17.508515,-0.041896850,-11.040000
17.518894,-0.041828369,-11.000000
17.528773,-0.041787280,-10.960000
17.538995,-0.041766736,-10.920000
17.549108,-0.041684558,-10.880000
17.559140,-0.041650318,-10.840000
17.569280,-0.041643470,-10.800000
17.579626,-0.041616077,-10.760000
17.589749,-0.041561292,-10.720000
17.599802,-0.041527051,-10.680000
17.609936,-0.041458570,-10.640000
17.620059,-0.041431178,-10.600000
17.630124,-0.041355848,-10.560000
17.640260,-0.041301063,-10.520000
17.650271,-0.041287367,-10.480000
17.660562,-0.041232582,-10.440000
17.670732,-0.041205189,-10.400000
17.680851,-0.041109315,-10.360000
17.690742,-0.041095619,-10.320000
17.701064,-0.041054530,-10.280000
17.711118,-0.041013442,-10.240000
17.720983,-0.040992897,-10.200000
17.731515,-0.040951809,-10.160000
17.741797,-0.040910720,-10.120000
17.751844,-0.040862783,-10.080000
17.762002,-0.040801150,-10.040000
17.772140,-0.040766909,-10.000000
17.782230,-0.040718972,-9.960000
17.792540,-0.040671035,-9.920000
17.802601,-0.040636795,-9.880000
17.812581,-0.040602554,-9.840000
17.822706,-0.040547769,-9.800000
17.832821,-0.040527225,-9.760000
17.843162,-0.040410806,-9.720000
17.852874,-0.040390262,-9.680000
17.863231,-0.040321781,-9.640000
17.873271,-0.040294388,-9.600000
17.883564,-0.040205363,-9.560000
17.893717,-0.040150577,-9.520000
17.903922,-0.040068400,-9.480000
17.913916,-0.040020463,-9.440000
17.924051,-0.039951982,-9.400000
17.934234,-0.039856108,-9.360000
17.944236,-0.039760234,-9.320000
17.954536,-0.039630120,-9.280000
17.964655,-0.039568487,-9.240000
17.974783,-0.039458917,-9.200000
17.984904,-0.039349346,-9.160000
17.994985,-0.039253473,-9.120000
18.005117,-0.039150751,-9.080000
18.015287,-0.039013788,-9.040000
18.025423,-0.038876826,-9.000000
18.035646,-0.038678230,-8.960000
18.045850,-0.038527571,-8.920000
18.055610,-0.038383760,-8.880000
18.065945,-0.038192013,-8.840000
18.075971,-0.038082443,-8.800000
18.086189,-0.037931784,-8.760000
18.096279,-0.037822214,-8.720000
18.106495,-0.037726340,-8.680000
18.116724,-0.037541441,-8.640000
18.126816,-0.037411326,-8.600000
18.136952,-0.037274364,-8.560000
18.146938,-0.037089464,-8.520000
18.157093,-0.036904565,-8.480000
18.167266,-0.036692273,-8.440000
18.177452,-0.036411499,-8.400000
18.187495,-0.036048549,-8.360000
18.197667,-0.035603420,-8.320000
18.207800,-0.035370584,-8.280000
18.217864,-0.035103507,-8.240000
18.227986,-0.034966544,-8.200000
18.238175,-0.034754252,-8.160000
18.248259,-0.034692619,-8.120000
18.258474,-0.035062418,-8.080000
18.268514,-0.034377605,-8.040000
18.278879,-0.034713163,-8.000000
18.288703,-0.034706315,-7.960000
18.298991,-0.034658378,-7.920000
18.309167,-0.034630986,-7.880000
18.319152,-0.034589897,-7.840000
18.329226,-0.034583049,-7.800000
18.339335,-0.034535112,-7.760000
18.349829,-0.034494023,-7.720000
18.359446,-0.034404998,-7.680000
18.369652,-0.034329668,-7.640000
18.380386,-0.034206402,-7.600000
18.390574,-0.034096832,-7.560000
18.400250,-0.033973566,-7.520000
18.410162,-0.033768122,-7.480000
18.420416,-0.033555830,-7.440000
18.430961,-0.033364082,-7.400000
18.441087,-0.033158638,-7.360000
18.451265,-0.033028524,-7.320000
18.461021,-0.032925802,-7.280000
18.471064,-0.032816232,-7.240000
18.481303,-0.032727206,-7.200000
18.490850,-0.032686117,-7.160000
18.500934,-0.032603940,-7.120000
18.510823,-0.032508066,-7.080000
18.521250,-0.032460129,-7.040000
18.531756,-0.032439585,-7.000000
18.542030,-0.032336863,-6.960000
18.552084,-0.032330015,-6.920000
18.562090,-0.032282078,-6.880000
18.571900,-0.032240989,-6.840000
18.582295,-0.032186204,-6.800000
18.592786,-0.032151963,-6.760000
18.602900,-0.032110875,-6.720000
18.613045,-0.032049241,-6.680000
18.623161,-0.032008153,-6.640000
18.633349,-0.031967064,-6.600000
18.643433,-0.031891735,-6.560000
18.653565,-0.031857494,-6.520000
18.663581,-0.031809557,-6.480000
18.673891,-0.031761620,-6.440000
18.683938,-0.031720531,-6.400000
18.693736,-0.031658898,-6.360000
18.704126,-0.031624657,-6.320000
18.714331,-0.031569872,-6.280000
18.724778,-0.031508239,-6.240000
18.735008,-0.031508239,-6.200000
18.744789,-0.031426062,-6.160000
18.754893,-0.031364429,-6.120000
18.765078,-0.031323340,-6.080000
18.775211,-0.031268555,-6.040000
18.785286,-0.031234314,-6.000000
18.795423,-0.031165833,-5.960000
18.805545,-0.031097352,-5.920000
18.815699,-0.031035718,-5.880000
18.825814,-0.031042567,-5.840000
18.835910,-0.030953541,-5.800000
18.846036,-0.030905604,-5.760000
18.856190,-0.030864515,-5.720000
18.866429,-0.030830275,-5.680000
18.875744,-0.030775490,-5.640000
18.886147,-0.030679616,-5.600000
18.896605,-0.030659071,-5.560000
18.906834,-0.030604286,-5.520000
18.916755,-0.030535805,-5.480000
18.927032,-0.030515261,-5.440000
18.936823,-0.030481020,-5.400000
18.947260,-0.030439931,-5.360000
18.957470,-0.030350906,-5.320000
18.967959,-0.030316665,-5.280000
18.977848,-0.030289272,-5.240000
18.987745,-0.030227639,-5.200000
18.998172,-0.030172854,-5.160000
19.007848,-0.030111221,-5.120000
19.017923,-0.030083829,-5.080000
19.028247,-0.030029044,-5.040000
19.038666,-0.029981107,-5.000000
19.048732,-0.029912625,-4.960000
19.058630,-0.029892081,-4.920000
19.068698,-0.029864688,-4.880000
19.078809,-0.029789359,-4.840000
19.088898,-0.029741422,-4.800000
19.099037,-0.029707182,-4.760000
19.109225,-0.029652396,-4.720000
19.119196,-0.029597611,-4.680000
19.129298,-0.029542826,-4.640000
19.139607,-0.029481193,-4.600000
19.149798,-0.029440104,-4.560000
19.160121,-0.029385319,-4.520000
19.170263,-0.029323686,-4.480000
19.180677,-0.029268901,-4.440000
19.190864,-0.029173027,-4.400000
19.200610,-0.029118242,-4.360000
19.210582,-0.029008672,-4.320000
19.221013,-0.028981280,-4.280000
19.231120,-0.028905950,-4.240000
19.241222,-0.028878558,-4.200000
19.251347,-0.028789532,-4.160000
19.261547,-0.028700507,-4.120000
19.271699,-0.028604633,-4.080000
19.281814,-0.028522455,-4.040000
19.291840,-0.028426581,-4.000000
19.301943,-0.028364948,-3.960000
19.312066,-0.028241682,-3.920000
19.322156,-0.028104719,-3.880000
19.332156,-0.028043086,-3.840000
19.342379,-0.028001998,-3.800000
19.352994,-0.027926668,-3.760000
19.363269,-0.027782857,-3.720000
19.372882,-0.027721224,-3.680000
19.383255,-0.027632199,-3.640000
19.393371,-0.027556869,-3.600000
19.403457,-0.027502084,-3.560000
19.413516,-0.027426755,-3.520000
19.423736,-0.027385666,-3.480000
19.433849,-0.027358273,-3.440000
19.443898,-0.027262400,-3.400000
19.454147,-0.027173374,-3.360000
19.463982,-0.027118589,-3.320000
19.474726,-0.027077500,-3.280000
19.484480,-0.027022715,-3.240000
19.494586,-0.026988474,-3.200000
19.504687,-0.026913145,-3.160000
19.514929,-0.026851512,-3.120000
19.525115,-0.026783031,-3.080000
19.535252,-0.026721397,-3.040000
19.545357,-0.026659764,-3.000000
19.555241,-0.026652916,-2.960000
19.565553,-0.026563891,-2.920000
19.576229,-0.026488561,-2.880000
19.585950,-0.026433776,-2.840000
19.595509,-0.026358447,-2.800000
19.606031,-0.026262573,-2.760000
19.615894,-0.026200940,-2.720000
19.626176,-0.026077673,-2.680000
19.636743,-0.025974951,-2.640000
19.646632,-0.025879078,-2.600000
19.656624,-0.025803748,-2.560000
19.667024,-0.025714723,-2.520000
19.677182,-0.025529823,-2.480000
19.686970,-0.025399709,-2.440000
19.697378,-0.025269594,-2.400000
19.707759,-0.025125784,-2.360000
19.717510,-0.024927188,-2.320000
19.727415,-0.024776529,-2.280000
19.737988,-0.024639566,-2.240000
19.748564,-0.024475211,-2.200000
19.758101,-0.024310856,-2.160000
19.768524,-0.024235527,-2.120000
19.777781,-0.024125957,-2.080000
19.788621,-0.024002690,-2.040000
19.798291,-0.023934209,-2.000000
19.808390,-0.023845183,-1.960000
19.820006,-0.023694525,-1.920000
19.829416,-0.023550714,-1.880000
19.838676,-0.023420600,-1.840000
19.848853,-0.023139826,-1.800000
19.858966,-0.022770027,-1.760000
19.869057,-0.022167392,-1.720000
19.879424,-0.021592149,-1.680000
19.889367,-0.021188110,-1.640000
19.899341,-0.020852551,-1.600000
19.909464,-0.020455360,-1.560000
19.919792,-0.020051320,-1.520000
19.929838,-0.019489774,-1.480000
19.939961,-0.018941923,-1.440000
19.949953,-0.018620061,-1.400000
19.961736,-0.018339288,-1.360000
19.970852,-0.017976337,-1.320000
19.980292,-0.017551753,-1.280000
19.990134,-0.016969662,-1.240000
20.000402,-0.016209520,-1.200000
20.010372,-0.015819177,-1.160000
20.020556,-0.015504163,-1.120000
20.030634,-0.015182301,-1.080000
20.040805,-0.014867287,-1.040000
20.050890,-0.014730324,-1.000000
20.060941,-0.014613906,-0.960000
20.071034,-0.014463247,-0.920000
20.081258,-0.014374222,-0.880000
20.091264,-0.014257804,-0.840000
20.101432,-0.014189322,-0.800000
20.111500,-0.014086600,-0.760000
20.121660,-0.014011271,-0.720000
20.131898,-0.013935942,-0.680000
20.142203,-0.013833220,-0.640000
20.152310,-0.013778435,-0.600000
20.162256,-0.013689409,-0.560000
20.172378,-0.013614079,-0.520000
20.182513,-0.013531902,-0.480000
20.192750,-0.013483965,-0.440000
20.202655,-0.013394939,-0.400000
20.212708,-0.013312762,-0.360000
20.222956,-0.013312762,-0.320000
20.232842,-0.013189496,-0.280000
20.242949,-0.013073077,-0.240000
20.253097,-0.012977204,-0.200000
20.263495,-0.012826545,-0.160000
20.274268,-0.012730671,-0.120000
20.283496,-0.012593708,-0.080000
20.293996,-0.012326631,-0.040000
20.304105,-0.012141732,0.000000
